name,symbol,tier,watchlist,exchange,chart_usd,chart_btc,spot_usd,spot_btc,perps
1INCH,1INCHUSDT,4,0,binance,https://www.tradingview.com/chart/?symbol=BINANCE%3A1INCHUSDT,https://www.tradingview.com/chart/?symbol=BINANCE%3A1INCHBTC,https://www.binance.com/en/trade/1INCH_USDT,https://www.binance.com/en/trade/1INCH_BTC,https://www.binance.com/en/futures/1INCHUSDT
AAVE,AAVEUSDT,4,0,binance,https://www.tradingview.com/chart/?symbol=BINANCE%3AAAVEUSDT,https://www.tradingview.com/chart/?symbol=BINANCE%3AAAVEBTC,https://www.binance.com/en/trade/AAVE_USDT,https://www.binance.com/en/trade/AAVE_BTC,https://www.binance.com/en/futures/AAVEUSDT
ACA,ACAUSDT,4,0,binance,https://www.tradingview.com/chart/?symbol=BINANCE%3AACAUSDT,https://www.tradingview.com/chart/?symbol=BINANCE%3AACABTC,https://www.binance.com/en/trade/ACA_USDT,https://www.binance.com/en/trade/ACA_BTC,
ACH,ACHUSDT,4,0,binance,https://www.tradingview.com/chart/?symbol=BINANCE%3AACHUSDT,https://www.tradingview.com/chart/?symbol=BINANCE%3AACHBTC,https://www.binance.com/en/trade/ACH_USDT,https://www.binance.com/en/trade/ACH_BTC,https://www.binance.com/en/futures/ACHUSDT
ACM,ACMUSDT,4,0,binance,https://www.tradingview.com/chart/?symbol=BINANCE%3AACMUSDT,,https://www.binance.com/en/trade/ACM_USDT,,
ADA,ADAUSDT,4,0,binance,https://www.tradingview.com/chart/?symbol=BINANCE%3AADAUSDT,https://www.tradingview.com/chart/?symbol=BINANCE%3AADABTC,https://www.binance.com/en/trade/ADA_USDT,https://www.binance.com/en/trade/ADA_BTC,https://www.binance.com/en/futures/ADAUSDT
ADX,ADXUSDT,4,0,binance,https://www.tradingview.com/chart/?symbol=BINANCE%3AADXUSDT,https://www.tradingview.com/chart/?symbol=BINANCE%3AADXBTC,https://www.binance.com/en/trade/ADX_USDT,https://www.binance.com/en/trade/ADX_BTC,
AERGO,AERGOUSDT,4,0,binance,https://www.tradingview.com/chart/?symbol=BINANCE%3AAERGOUSDT,https://www.tradingview.com/chart/?symbol=BINANCE%3AAERGOBTC,https://www.binance.com/en/trade/AERGO_USDT,https://www.binance.com/en/trade/AERGO_BTC,
AGIX,AGIXUSDT,4,0,binance,https://www.tradingview.com/chart/?symbol=BINANCE%3AAGIXUSDT,https://www.tradingview.com/chart/?symbol=BINANCE%3AAGIXBTC,https://www.binance.com/en/trade/AGIX_USDT,https://www.binance.com/en/trade/AGIX_BTC,https://www.binance.com/en/futures/AGIXUSDT
AGLD,AGLDUSDT,4,0,binance,https://www.tradingview.com/chart/?symbol=BINANCE%3AAGLDUSDT,https://www.tradingview.com/chart/?symbol=BINANCE%3AAGLDBTC,https://www.binance.com/en/trade/AGLD_USDT,https://www.binance.com/en/trade/AGLD_BTC,
AKRO,AKROUSDT,4,0,binance,https://www.tradingview.com/chart/?symbol=BINANCE%3AAKROUSDT,,https://www.binance.com/en/trade/AKRO_USDT,,
ALCX,ALCXUSDT,4,0,binance,https://www.tradingview.com/chart/?symbol=BINANCE%3AALCXUSDT,https://www.tradingview.com/chart/?symbol=BINANCE%3AALCXBTC,https://www.binance.com/en/trade/ALCX_USDT,https://www.binance.com/en/trade/ALCX_BTC,
ALGO,ALGOUSDT,4,0,binance,https://www.tradingview.com/chart/?symbol=BINANCE%3AALGOUSDT,https://www.tradingview.com/chart/?symbol=BINANCE%3AALGOBTC,https://www.binance.com/en/trade/ALGO_USDT,https://www.binance.com/en/trade/ALGO_BTC,https://www.binance.com/en/futures/ALGOUSDT
ALICE,ALICEUSDT,4,0,binance,https://www.tradingview.com/chart/?symbol=BINANCE%3AALICEUSDT,https://www.tradingview.com/chart/?symbol=BINANCE%3AALICEBTC,https://www.binance.com/en/trade/ALICE_USDT,https://www.binance.com/en/trade/ALICE_BTC,https://www.binance.com/en/futures/ALICEUSDT
ALPACA,ALPACAUSDT,4,0,binance,https://www.tradingview.com/chart/?symbol=BINANCE%3AALPACAUSDT,https://www.tradingview.com/chart/?symbol=BINANCE%3AALPACABTC,https://www.binance.com/en/trade/ALPACA_USDT,https://www.binance.com/en/trade/ALPACA_BTC,
ALPHA,ALPHAUSDT,4,0,binance,https://www.tradingview.com/chart/?symbol=BINANCE%3AALPHAUSDT,https://www.tradingview.com/chart/?symbol=BINANCE%3AALPHABTC,https://www.binance.com/en/trade/ALPHA_USDT,https://www.binance.com/en/trade/ALPHA_BTC,
ALPINE,ALPINEUSDT,4,0,binance,https://www.tradingview.com/chart/?symbol=BINANCE%3AALPINEUSDT,https://www.tradingview.com/chart/?symbol=BINANCE%3AALPINEBTC,https://www.binance.com/en/trade/ALPINE_USDT,https://www.binance.com/en/trade/ALPINE_BTC,
AMB,AMBUSDT,4,0,binance,https://www.tradingview.com/chart/?symbol=BINANCE%3AAMBUSDT,https://www.tradingview.com/chart/?symbol=BINANCE%3AAMBBTC,https://www.binance.com/en/trade/AMB_USDT,https://www.binance.com/en/trade/AMB_BTC,https://www.binance.com/en/futures/AMBUSDT
AMP,AMPUSDT,4,0,binance,https://www.tradingview.com/chart/?symbol=BINANCE%3AAMPUSDT,,https://www.binance.com/en/trade/AMP_USDT,,
ANKR,ANKRUSDT,4,0,binance,https://www.tradingview.com/chart/?symbol=BINANCE%3AANKRUSDT,https://www.tradingview.com/chart/?symbol=BINANCE%3AANKRBTC,https://www.binance.com/en/trade/ANKR_USDT,https://www.binance.com/en/trade/ANKR_BTC,https://www.binance.com/en/futures/ANKRUSDT
ANT,ANTUSDT,4,0,binance,https://www.tradingview.com/chart/?symbol=BINANCE%3AANTUSDT,https://www.tradingview.com/chart/?symbol=BINANCE%3AANTBTC,https://www.binance.com/en/trade/ANT_USDT,https://www.binance.com/en/trade/ANT_BTC,https://www.binance.com/en/futures/ANTUSDT
APE,APEUSDT,4,0,binance,https://www.tradingview.com/chart/?symbol=BINANCE%3AAPEUSDT,https://www.tradingview.com/chart/?symbol=BINANCE%3AAPEBTC,https://www.binance.com/en/trade/APE_USDT,https://www.binance.com/en/trade/APE_BTC,https://www.binance.com/en/futures/APEUSDT
API3,API3USDT,4,0,binance,https://www.tradingview.com/chart/?symbol=BINANCE%3AAPI3USDT,https://www.tradingview.com/chart/?symbol=BINANCE%3AAPI3BTC,https://www.binance.com/en/trade/API3_USDT,https://www.binance.com/en/trade/API3_BTC,https://www.binance.com/en/futures/API3USDT
APT,APTUSDT,4,0,binance,https://www.tradingview.com/chart/?symbol=BINANCE%3AAPTUSDT,https://www.tradingview.com/chart/?symbol=BINANCE%3AAPTBTC,https://www.binance.com/en/trade/APT_USDT,https://www.binance.com/en/trade/APT_BTC,https://www.binance.com/en/futures/APTUSDT
AR,ARUSDT,4,0,binance,https://www.tradingview.com/chart/?symbol=BINANCE%3AARUSDT,https://www.tradingview.com/chart/?symbol=BINANCE%3AARBTC,https://www.binance.com/en/trade/AR_USDT,https://www.binance.com/en/trade/AR_BTC,https://www.binance.com/en/futures/ARUSDT
ARB,ARBUSDT,4,0,binance,https://www.tradingview.com/chart/?symbol=BINANCE%3AARBUSDT,https://www.tradingview.com/chart/?symbol=BINANCE%3AARBBTC,https://www.binance.com/en/trade/ARB_USDT,https://www.binance.com/en/trade/ARB_BTC,https://www.binance.com/en/futures/ARBUSDT
ARDR,ARDRUSDT,4,0,binance,https://www.tradingview.com/chart/?symbol=BINANCE%3AARDRUSDT,https://www.tradingview.com/chart/?symbol=BINANCE%3AARDRBTC,https://www.binance.com/en/trade/ARDR_USDT,https://www.binance.com/en/trade/ARDR_BTC,
ARPA,ARPAUSDT,4,0,binance,https://www.tradingview.com/chart/?symbol=BINANCE%3AARPAUSDT,https://www.tradingview.com/chart/?symbol=BINANCE%3AARPABTC,https://www.binance.com/en/trade/ARPA_USDT,https://www.binance.com/en/trade/ARPA_BTC,https://www.binance.com/en/futures/ARPAUSDT
ASR,ASRUSDT,4,0,binance,https://www.tradingview.com/chart/?symbol=BINANCE%3AASRUSDT,,https://www.binance.com/en/trade/ASR_USDT,,
AST,ASTUSDT,4,0,binance,https://www.tradingview.com/chart/?symbol=BINANCE%3AASTUSDT,https://www.tradingview.com/chart/?symbol=BINANCE%3AASTBTC,https://www.binance.com/en/trade/AST_USDT,https://www.binance.com/en/trade/AST_BTC,
ASTR,ASTRUSDT,4,0,binance,https://www.tradingview.com/chart/?symbol=BINANCE%3AASTRUSDT,https://www.tradingview.com/chart/?symbol=BINANCE%3AASTRBTC,https://www.binance.com/en/trade/ASTR_USDT,https://www.binance.com/en/trade/ASTR_BTC,https://www.binance.com/en/futures/ASTRUSDT
ATA,ATAUSDT,4,0,binance,https://www.tradingview.com/chart/?symbol=BINANCE%3AATAUSDT,https://www.tradingview.com/chart/?symbol=BINANCE%3AATABTC,https://www.binance.com/en/trade/ATA_USDT,https://www.binance.com/en/trade/ATA_BTC,https://www.binance.com/en/futures/ATAUSDT
ATM,ATMUSDT,4,0,binance,https://www.tradingview.com/chart/?symbol=BINANCE%3AATMUSDT,,https://www.binance.com/en/trade/ATM_USDT,,
ATOM,ATOMUSDT,4,0,binance,https://www.tradingview.com/chart/?symbol=BINANCE%3AATOMUSDT,https://www.tradingview.com/chart/?symbol=BINANCE%3AATOMBTC,https://www.binance.com/en/trade/ATOM_USDT,https://www.binance.com/en/trade/ATOM_BTC,https://www.binance.com/en/futures/ATOMUSDT
AUCTION,AUCTIONUSDT,4,0,binance,https://www.tradingview.com/chart/?symbol=BINANCE%3AAUCTIONUSDT,https://www.tradingview.com/chart/?symbol=BINANCE%3AAUCTIONBTC,https://www.binance.com/en/trade/AUCTION_USDT,https://www.binance.com/en/trade/AUCTION_BTC,
AUDIO,AUDIOUSDT,4,0,binance,https://www.tradingview.com/chart/?symbol=BINANCE%3AAUDIOUSDT,https://www.tradingview.com/chart/?symbol=BINANCE%3AAUDIOBTC,https://www.binance.com/en/trade/AUDIO_USDT,https://www.binance.com/en/trade/AUDIO_BTC,https://www.binance.com/en/futures/AUDIOUSDT
AVA,AVAUSDT,4,0,binance,https://www.tradingview.com/chart/?symbol=BINANCE%3AAVAUSDT,https://www.tradingview.com/chart/?symbol=BINANCE%3AAVABTC,https://www.binance.com/en/trade/AVA_USDT,https://www.binance.com/en/trade/AVA_BTC,
AVAX,AVAXUSDT,4,0,binance,https://www.tradingview.com/chart/?symbol=BINANCE%3AAVAXUSDT,https://www.tradingview.com/chart/?symbol=BINANCE%3AAVAXBTC,https://www.binance.com/en/trade/AVAX_USDT,https://www.binance.com/en/trade/AVAX_BTC,https://www.binance.com/en/futures/AVAXUSDT
AXS,AXSUSDT,4,0,binance,https://www.tradingview.com/chart/?symbol=BINANCE%3AAXSUSDT,https://www.tradingview.com/chart/?symbol=BINANCE%3AAXSBTC,https://www.binance.com/en/trade/AXS_USDT,https://www.binance.com/en/trade/AXS_BTC,https://www.binance.com/en/futures/AXSUSDT
BADGER,BADGERUSDT,4,0,binance,https://www.tradingview.com/chart/?symbol=BINANCE%3ABADGERUSDT,https://www.tradingview.com/chart/?symbol=BINANCE%3ABADGERBTC,https://www.binance.com/en/trade/BADGER_USDT,https://www.binance.com/en/trade/BADGER_BTC,
BAKE,BAKEUSDT,4,0,binance,https://www.tradingview.com/chart/?symbol=BINANCE%3ABAKEUSDT,https://www.tradingview.com/chart/?symbol=BINANCE%3ABAKEBTC,https://www.binance.com/en/trade/BAKE_USDT,https://www.binance.com/en/trade/BAKE_BTC,
BAL,BALUSDT,4,0,binance,https://www.tradingview.com/chart/?symbol=BINANCE%3ABALUSDT,https://www.tradingview.com/chart/?symbol=BINANCE%3ABALBTC,https://www.binance.com/en/trade/BAL_USDT,https://www.binance.com/en/trade/BAL_BTC,https://www.binance.com/en/futures/BALUSDT
BAND,BANDUSDT,4,0,binance,https://www.tradingview.com/chart/?symbol=BINANCE%3ABANDUSDT,https://www.tradingview.com/chart/?symbol=BINANCE%3ABANDBTC,https://www.binance.com/en/trade/BAND_USDT,https://www.binance.com/en/trade/BAND_BTC,https://www.binance.com/en/futures/BANDUSDT
BAR,BARUSDT,4,0,binance,https://www.tradingview.com/chart/?symbol=BINANCE%3ABARUSDT,,https://www.binance.com/en/trade/BAR_USDT,,
BAT,BATUSDT,4,0,binance,https://www.tradingview.com/chart/?symbol=BINANCE%3ABATUSDT,https://www.tradingview.com/chart/?symbol=BINANCE%3ABATBTC,https://www.binance.com/en/trade/BAT_USDT,https://www.binance.com/en/trade/BAT_BTC,https://www.binance.com/en/futures/BATUSDT
BCH,BCHUSDT,4,0,binance,https://www.tradingview.com/chart/?symbol=BINANCE%3ABCHUSDT,https://www.tradingview.com/chart/?symbol=BINANCE%3ABCHBTC,https://www.binance.com/en/trade/BCH_USDT,https://www.binance.com/en/trade/BCH_BTC,https://www.binance.com/en/futures/BCHUSDT
BEL,BELUSDT,4,0,binance,https://www.tradingview.com/chart/?symbol=BINANCE%3ABELUSDT,https://www.tradingview.com/chart/?symbol=BINANCE%3ABELBTC,https://www.binance.com/en/trade/BEL_USDT,https://www.binance.com/en/trade/BEL_BTC,
BETA,BETAUSDT,4,0,binance,https://www.tradingview.com/chart/?symbol=BINANCE%3ABETAUSDT,https://www.tradingview.com/chart/?symbol=BINANCE%3ABETABTC,https://www.binance.com/en/trade/BETA_USDT,https://www.binance.com/en/trade/BETA_BTC,
BETH,BETHUSDT,4,0,binance,https://www.tradingview.com/chart/?symbol=BINANCE%3ABETHUSDT,,https://www.binance.com/en/trade/BETH_USDT,,
BICO,BICOUSDT,4,0,binance,https://www.tradingview.com/chart/?symbol=BINANCE%3ABICOUSDT,https://www.tradingview.com/chart/?symbol=BINANCE%3ABICOBTC,https://www.binance.com/en/trade/BICO_USDT,https://www.binance.com/en/trade/BICO_BTC,
BIFI,BIFIUSDT,4,0,binance,https://www.tradingview.com/chart/?symbol=BINANCE%3ABIFIUSDT,,https://www.binance.com/en/trade/BIFI_USDT,,
BLUEBIRD,BLUEBIRDUSDT,4,0,binance,https://www.tradingview.com/chart/?symbol=BINANCE%3ABLUEBIRDUSDT.P,,,,https://www.binance.com/en/futures/BLUEBIRDUSDT
BLUR,BLURUSDT,4,0,binance,https://www.tradingview.com/chart/?symbol=BINANCE%3ABLURUSDT.P,,,,https://www.binance.com/en/futures/BLURUSDT
BLZ,BLZUSDT,4,0,binance,https://www.tradingview.com/chart/?symbol=BINANCE%3ABLZUSDT,https://www.tradingview.com/chart/?symbol=BINANCE%3ABLZBTC,https://www.binance.com/en/trade/BLZ_USDT,https://www.binance.com/en/trade/BLZ_BTC,
BNB,BNBUSDT,4,0,binance,https://www.tradingview.com/chart/?symbol=BINANCE%3ABNBUSDT,https://www.tradingview.com/chart/?symbol=BINANCE%3ABNBBTC,https://www.binance.com/en/trade/BNB_USDT,https://www.binance.com/en/trade/BNB_BTC,https://www.binance.com/en/futures/BNBUSDT
BNT,BNTUSDT,4,0,binance,https://www.tradingview.com/chart/?symbol=BINANCE%3ABNTUSDT,https://www.tradingview.com/chart/?symbol=BINANCE%3ABNTBTC,https://www.binance.com/en/trade/BNT_USDT,https://www.binance.com/en/trade/BNT_BTC,
BNX,BNXUSDT,4,0,binance,https://www.tradingview.com/chart/?symbol=BINANCE%3ABNXUSDT,https://www.tradingview.com/chart/?symbol=BINANCE%3ABNXBTC,https://www.binance.com/en/trade/BNX_USDT,https://www.binance.com/en/trade/BNX_BTC,https://www.binance.com/en/futures/BNXUSDT
BOND,BONDUSDT,4,0,binance,https://www.tradingview.com/chart/?symbol=BINANCE%3ABONDUSDT,https://www.tradingview.com/chart/?symbol=BINANCE%3ABONDBTC,https://www.binance.com/en/trade/BOND_USDT,https://www.binance.com/en/trade/BOND_BTC,
BSW,BSWUSDT,4,0,binance,https://www.tradingview.com/chart/?symbol=BINANCE%3ABSWUSDT,,https://www.binance.com/en/trade/BSW_USDT,,
BTC,BTCUSDT,4,0,binance,https://www.tradingview.com/chart/?symbol=BINANCE%3ABTCUSDT,,https://www.binance.com/en/trade/BTC_USDT,,https://www.binance.com/en/futures/BTCUSDT
BTCDOM,BTCDOMUSDT,4,0,binance,https://www.tradingview.com/chart/?symbol=BINANCE%3ABTCDOMUSDT.P,,,,https://www.binance.com/en/futures/BTCDOMUSDT
BTS,BTSUSDT,4,0,binance,https://www.tradingview.com/chart/?symbol=BINANCE%3ABTSUSDT,,https://www.binance.com/en/trade/BTS_USDT,,
BTTC,BTTCUSDT,4,0,binance,https://www.tradingview.com/chart/?symbol=BINANCE%3ABTTCUSDT,,https://www.binance.com/en/trade/BTTC_USDT,,
BURGER,BURGERUSDT,4,0,binance,https://www.tradingview.com/chart/?symbol=BINANCE%3ABURGERUSDT,,https://www.binance.com/en/trade/BURGER_USDT,,
BUSD,BUSDUSDT,4,0,binance,https://www.tradingview.com/chart/?symbol=BINANCE%3ABUSDUSDT,,https://www.binance.com/en/trade/BUSD_USDT,,
C98,C98USDT,4,0,binance,https://www.tradingview.com/chart/?symbol=BINANCE%3AC98USDT,https://www.tradingview.com/chart/?symbol=BINANCE%3AC98BTC,https://www.binance.com/en/trade/C98_USDT,https://www.binance.com/en/trade/C98_BTC,https://www.binance.com/en/futures/C98USDT
CAKE,CAKEUSDT,4,0,binance,https://www.tradingview.com/chart/?symbol=BINANCE%3ACAKEUSDT,https://www.tradingview.com/chart/?symbol=BINANCE%3ACAKEBTC,https://www.binance.com/en/trade/CAKE_USDT,https://www.binance.com/en/trade/CAKE_BTC,
CELO,CELOUSDT,4,0,binance,https://www.tradingview.com/chart/?symbol=BINANCE%3ACELOUSDT,https://www.tradingview.com/chart/?symbol=BINANCE%3ACELOBTC,https://www.binance.com/en/trade/CELO_USDT,https://www.binance.com/en/trade/CELO_BTC,https://www.binance.com/en/futures/CELOUSDT
CELR,CELRUSDT,4,0,binance,https://www.tradingview.com/chart/?symbol=BINANCE%3ACELRUSDT,https://www.tradingview.com/chart/?symbol=BINANCE%3ACELRBTC,https://www.binance.com/en/trade/CELR_USDT,https://www.binance.com/en/trade/CELR_BTC,https://www.binance.com/en/futures/CELRUSDT
CFX,CFXUSDT,4,0,binance,https://www.tradingview.com/chart/?symbol=BINANCE%3ACFXUSDT,https://www.tradingview.com/chart/?symbol=BINANCE%3ACFXBTC,https://www.binance.com/en/trade/CFX_USDT,https://www.binance.com/en/trade/CFX_BTC,https://www.binance.com/en/futures/CFXUSDT
CHESS,CHESSUSDT,4,0,binance,https://www.tradingview.com/chart/?symbol=BINANCE%3ACHESSUSDT,https://www.tradingview.com/chart/?symbol=BINANCE%3ACHESSBTC,https://www.binance.com/en/trade/CHESS_USDT,https://www.binance.com/en/trade/CHESS_BTC,
CHR,CHRUSDT,4,0,binance,https://www.tradingview.com/chart/?symbol=BINANCE%3ACHRUSDT,https://www.tradingview.com/chart/?symbol=BINANCE%3ACHRBTC,https://www.binance.com/en/trade/CHR_USDT,https://www.binance.com/en/trade/CHR_BTC,https://www.binance.com/en/futures/CHRUSDT
CHZ,CHZUSDT,4,0,binance,https://www.tradingview.com/chart/?symbol=BINANCE%3ACHZUSDT,https://www.tradingview.com/chart/?symbol=BINANCE%3ACHZBTC,https://www.binance.com/en/trade/CHZ_USDT,https://www.binance.com/en/trade/CHZ_BTC,https://www.binance.com/en/futures/CHZUSDT
CITY,CITYUSDT,4,0,binance,https://www.tradingview.com/chart/?symbol=BINANCE%3ACITYUSDT,https://www.tradingview.com/chart/?symbol=BINANCE%3ACITYBTC,https://www.binance.com/en/trade/CITY_USDT,https://www.binance.com/en/trade/CITY_BTC,
CKB,CKBUSDT,4,0,binance,https://www.tradingview.com/chart/?symbol=BINANCE%3ACKBUSDT,,https://www.binance.com/en/trade/CKB_USDT,,https://www.binance.com/en/futures/CKBUSDT
CLV,CLVUSDT,4,0,binance,https://www.tradingview.com/chart/?symbol=BINANCE%3ACLVUSDT,https://www.tradingview.com/chart/?symbol=BINANCE%3ACLVBTC,https://www.binance.com/en/trade/CLV_USDT,https://www.binance.com/en/trade/CLV_BTC,
COMBO,COMBOUSDT,4,0,binance,https://www.tradingview.com/chart/?symbol=BINANCE%3ACOMBOUSDT,,https://www.binance.com/en/trade/COMBO_USDT,,https://www.binance.com/en/futures/COMBOUSDT
COMP,COMPUSDT,4,0,binance,https://www.tradingview.com/chart/?symbol=BINANCE%3ACOMPUSDT,https://www.tradingview.com/chart/?symbol=BINANCE%3ACOMPBTC,https://www.binance.com/en/trade/COMP_USDT,https://www.binance.com/en/trade/COMP_BTC,https://www.binance.com/en/futures/COMPUSDT
COS,COSUSDT,4,0,binance,https://www.tradingview.com/chart/?symbol=BINANCE%3ACOSUSDT,https://www.tradingview.com/chart/?symbol=BINANCE%3ACOSBTC,https://www.binance.com/en/trade/COS_USDT,https://www.binance.com/en/trade/COS_BTC,
COTI,COTIUSDT,4,0,binance,https://www.tradingview.com/chart/?symbol=BINANCE%3ACOTIUSDT,https://www.tradingview.com/chart/?symbol=BINANCE%3ACOTIBTC,https://www.binance.com/en/trade/COTI_USDT,https://www.binance.com/en/trade/COTI_BTC,https://www.binance.com/en/futures/COTIUSDT
CRV,CRVUSDT,4,0,binance,https://www.tradingview.com/chart/?symbol=BINANCE%3ACRVUSDT,https://www.tradingview.com/chart/?symbol=BINANCE%3ACRVBTC,https://www.binance.com/en/trade/CRV_USDT,https://www.binance.com/en/trade/CRV_BTC,https://www.binance.com/en/futures/CRVUSDT
CTK,CTKUSDT,4,0,binance,https://www.tradingview.com/chart/?symbol=BINANCE%3ACTKUSDT,https://www.tradingview.com/chart/?symbol=BINANCE%3ACTKBTC,https://www.binance.com/en/trade/CTK_USDT,https://www.binance.com/en/trade/CTK_BTC,
CTSI,CTSIUSDT,4,0,binance,https://www.tradingview.com/chart/?symbol=BINANCE%3ACTSIUSDT,https://www.tradingview.com/chart/?symbol=BINANCE%3ACTSIBTC,https://www.binance.com/en/trade/CTSI_USDT,https://www.binance.com/en/trade/CTSI_BTC,
CTXC,CTXCUSDT,4,0,binance,https://www.tradingview.com/chart/?symbol=BINANCE%3ACTXCUSDT,https://www.tradingview.com/chart/?symbol=BINANCE%3ACTXCBTC,https://www.binance.com/en/trade/CTXC_USDT,https://www.binance.com/en/trade/CTXC_BTC,
CVC,CVCUSDT,4,0,binance,https://www.tradingview.com/chart/?symbol=BINANCE%3ACVCUSDT,,https://www.binance.com/en/trade/CVC_USDT,,
CVP,CVPUSDT,4,0,binance,https://www.tradingview.com/chart/?symbol=BINANCE%3ACVPUSDT,,https://www.binance.com/en/trade/CVP_USDT,,
CVX,CVXUSDT,4,0,binance,https://www.tradingview.com/chart/?symbol=BINANCE%3ACVXUSDT,https://www.tradingview.com/chart/?symbol=BINANCE%3ACVXBTC,https://www.binance.com/en/trade/CVX_USDT,https://www.binance.com/en/trade/CVX_BTC,https://www.binance.com/en/futures/CVXUSDT
DAR,DARUSDT,4,0,binance,https://www.tradingview.com/chart/?symbol=BINANCE%3ADARUSDT,https://www.tradingview.com/chart/?symbol=BINANCE%3ADARBTC,https://www.binance.com/en/trade/DAR_USDT,https://www.binance.com/en/trade/DAR_BTC,https://www.binance.com/en/futures/DARUSDT
DASH,DASHUSDT,4,0,binance,https://www.tradingview.com/chart/?symbol=BINANCE%3ADASHUSDT,https://www.tradingview.com/chart/?symbol=BINANCE%3ADASHBTC,https://www.binance.com/en/trade/DASH_USDT,https://www.binance.com/en/trade/DASH_BTC,https://www.binance.com/en/futures/DASHUSDT
DATA,DATAUSDT,4,0,binance,https://www.tradingview.com/chart/?symbol=BINANCE%3ADATAUSDT,https://www.tradingview.com/chart/?symbol=BINANCE%3ADATABTC,https://www.binance.com/en/trade/DATA_USDT,https://www.binance.com/en/trade/DATA_BTC,
DCR,DCRUSDT,4,0,binance,https://www.tradingview.com/chart/?symbol=BINANCE%3ADCRUSDT,https://www.tradingview.com/chart/?symbol=BINANCE%3ADCRBTC,https://www.binance.com/en/trade/DCR_USDT,https://www.binance.com/en/trade/DCR_BTC,
DEFI,DEFIUSDT,4,0,binance,https://www.tradingview.com/chart/?symbol=BINANCE%3ADEFIUSDT.P,,,,https://www.binance.com/en/futures/DEFIUSDT
DEGO,DEGOUSDT,4,0,binance,https://www.tradingview.com/chart/?symbol=BINANCE%3ADEGOUSDT,https://www.tradingview.com/chart/?symbol=BINANCE%3ADEGOBTC,https://www.binance.com/en/trade/DEGO_USDT,https://www.binance.com/en/trade/DEGO_BTC,
DENT,DENTUSDT,4,0,binance,https://www.tradingview.com/chart/?symbol=BINANCE%3ADENTUSDT,,https://www.binance.com/en/trade/DENT_USDT,,https://www.binance.com/en/futures/DENTUSDT
DEXE,DEXEUSDT,4,0,binance,https://www.tradingview.com/chart/?symbol=BINANCE%3ADEXEUSDT,,https://www.binance.com/en/trade/DEXE_USDT,,
DF,DFUSDT,4,0,binance,https://www.tradingview.com/chart/?symbol=BINANCE%3ADFUSDT,,https://www.binance.com/en/trade/DF_USDT,,
DGB,DGBUSDT,4,0,binance,https://www.tradingview.com/chart/?symbol=BINANCE%3ADGBUSDT,https://www.tradingview.com/chart/?symbol=BINANCE%3ADGBBTC,https://www.binance.com/en/trade/DGB_USDT,https://www.binance.com/en/trade/DGB_BTC,
DIA,DIAUSDT,4,0,binance,https://www.tradingview.com/chart/?symbol=BINANCE%3ADIAUSDT,https://www.tradingview.com/chart/?symbol=BINANCE%3ADIABTC,https://www.binance.com/en/trade/DIA_USDT,https://www.binance.com/en/trade/DIA_BTC,
DOCK,DOCKUSDT,4,0,binance,https://www.tradingview.com/chart/?symbol=BINANCE%3ADOCKUSDT,https://www.tradingview.com/chart/?symbol=BINANCE%3ADOCKBTC,https://www.binance.com/en/trade/DOCK_USDT,https://www.binance.com/en/trade/DOCK_BTC,
DODO,DODOUSDT,4,0,binance,https://www.tradingview.com/chart/?symbol=BINANCE%3ADODOUSDT,https://www.tradingview.com/chart/?symbol=BINANCE%3ADODOBTC,https://www.binance.com/en/trade/DODO_USDT,https://www.binance.com/en/trade/DODO_BTC,
DOGE,DOGEUSDT,4,0,binance,https://www.tradingview.com/chart/?symbol=BINANCE%3ADOGEUSDT,https://www.tradingview.com/chart/?symbol=BINANCE%3ADOGEBTC,https://www.binance.com/en/trade/DOGE_USDT,https://www.binance.com/en/trade/DOGE_BTC,https://www.binance.com/en/futures/DOGEUSDT
DOT,DOTUSDT,4,0,binance,https://www.tradingview.com/chart/?symbol=BINANCE%3ADOTUSDT,https://www.tradingview.com/chart/?symbol=BINANCE%3ADOTBTC,https://www.binance.com/en/trade/DOT_USDT,https://www.binance.com/en/trade/DOT_BTC,https://www.binance.com/en/futures/DOTUSDT
DREP,DREPUSDT,4,0,binance,https://www.tradingview.com/chart/?symbol=BINANCE%3ADREPUSDT,https://www.tradingview.com/chart/?symbol=BINANCE%3ADREPBTC,https://www.binance.com/en/trade/DREP_USDT,https://www.binance.com/en/trade/DREP_BTC,
DUSK,DUSKUSDT,4,0,binance,https://www.tradingview.com/chart/?symbol=BINANCE%3ADUSKUSDT,https://www.tradingview.com/chart/?symbol=BINANCE%3ADUSKBTC,https://www.binance.com/en/trade/DUSK_USDT,https://www.binance.com/en/trade/DUSK_BTC,https://www.binance.com/en/futures/DUSKUSDT
DYDX,DYDXUSDT,4,0,binance,https://www.tradingview.com/chart/?symbol=BINANCE%3ADYDXUSDT,https://www.tradingview.com/chart/?symbol=BINANCE%3ADYDXBTC,https://www.binance.com/en/trade/DYDX_USDT,https://www.binance.com/en/trade/DYDX_BTC,https://www.binance.com/en/futures/DYDXUSDT
EDU,EDUUSDT,4,0,binance,https://www.tradingview.com/chart/?symbol=BINANCE%3AEDUUSDT,https://www.tradingview.com/chart/?symbol=BINANCE%3AEDUBTC,https://www.binance.com/en/trade/EDU_USDT,https://www.binance.com/en/trade/EDU_BTC,https://www.binance.com/en/futures/EDUUSDT
EGLD,EGLDUSDT,4,0,binance,https://www.tradingview.com/chart/?symbol=BINANCE%3AEGLDUSDT,https://www.tradingview.com/chart/?symbol=BINANCE%3AEGLDBTC,https://www.binance.com/en/trade/EGLD_USDT,https://www.binance.com/en/trade/EGLD_BTC,https://www.binance.com/en/futures/EGLDUSDT
ELF,ELFUSDT,4,0,binance,https://www.tradingview.com/chart/?symbol=BINANCE%3AELFUSDT,https://www.tradingview.com/chart/?symbol=BINANCE%3AELFBTC,https://www.binance.com/en/trade/ELF_USDT,https://www.binance.com/en/trade/ELF_BTC,
ENJ,ENJUSDT,4,0,binance,https://www.tradingview.com/chart/?symbol=BINANCE%3AENJUSDT,https://www.tradingview.com/chart/?symbol=BINANCE%3AENJBTC,https://www.binance.com/en/trade/ENJ_USDT,https://www.binance.com/en/trade/ENJ_BTC,https://www.binance.com/en/futures/ENJUSDT
ENS,ENSUSDT,4,0,binance,https://www.tradingview.com/chart/?symbol=BINANCE%3AENSUSDT,https://www.tradingview.com/chart/?symbol=BINANCE%3AENSBTC,https://www.binance.com/en/trade/ENS_USDT,https://www.binance.com/en/trade/ENS_BTC,https://www.binance.com/en/futures/ENSUSDT
EOS,EOSUSDT,4,0,binance,https://www.tradingview.com/chart/?symbol=BINANCE%3AEOSUSDT,https://www.tradingview.com/chart/?symbol=BINANCE%3AEOSBTC,https://www.binance.com/en/trade/EOS_USDT,https://www.binance.com/en/trade/EOS_BTC,https://www.binance.com/en/futures/EOSUSDT
EPX,EPXUSDT,4,0,binance,https://www.tradingview.com/chart/?symbol=BINANCE%3AEPXUSDT,,https://www.binance.com/en/trade/EPX_USDT,,
ERN,ERNUSDT,4,0,binance,https://www.tradingview.com/chart/?symbol=BINANCE%3AERNUSDT,,https://www.binance.com/en/trade/ERN_USDT,,
ETC,ETCUSDT,4,0,binance,https://www.tradingview.com/chart/?symbol=BINANCE%3AETCUSDT,https://www.tradingview.com/chart/?symbol=BINANCE%3AETCBTC,https://www.binance.com/en/trade/ETC_USDT,https://www.binance.com/en/trade/ETC_BTC,https://www.binance.com/en/futures/ETCUSDT
ETH,ETHUSDT,4,0,binance,https://www.tradingview.com/chart/?symbol=BINANCE%3AETHUSDT,https://www.tradingview.com/chart/?symbol=BINANCE%3AETHBTC,https://www.binance.com/en/trade/ETH_USDT,https://www.binance.com/en/trade/ETH_BTC,https://www.binance.com/en/futures/ETHUSDT
EUR,EURUSDT,4,0,binance,https://www.tradingview.com/chart/?symbol=BINANCE%3AEURUSDT,,https://www.binance.com/en/trade/EUR_USDT,,
FARM,FARMUSDT,4,0,binance,https://www.tradingview.com/chart/?symbol=BINANCE%3AFARMUSDT,https://www.tradingview.com/chart/?symbol=BINANCE%3AFARMBTC,https://www.binance.com/en/trade/FARM_USDT,https://www.binance.com/en/trade/FARM_BTC,
FET,FETUSDT,4,0,binance,https://www.tradingview.com/chart/?symbol=BINANCE%3AFETUSDT,https://www.tradingview.com/chart/?symbol=BINANCE%3AFETBTC,https://www.binance.com/en/trade/FET_USDT,https://www.binance.com/en/trade/FET_BTC,https://www.binance.com/en/futures/FETUSDT
FIDA,FIDAUSDT,4,0,binance,https://www.tradingview.com/chart/?symbol=BINANCE%3AFIDAUSDT,https://www.tradingview.com/chart/?symbol=BINANCE%3AFIDABTC,https://www.binance.com/en/trade/FIDA_USDT,https://www.binance.com/en/trade/FIDA_BTC,
FIL,FILUSDT,4,0,binance,https://www.tradingview.com/chart/?symbol=BINANCE%3AFILUSDT,https://www.tradingview.com/chart/?symbol=BINANCE%3AFILBTC,https://www.binance.com/en/trade/FIL_USDT,https://www.binance.com/en/trade/FIL_BTC,https://www.binance.com/en/futures/FILUSDT
FIO,FIOUSDT,4,0,binance,https://www.tradingview.com/chart/?symbol=BINANCE%3AFIOUSDT,https://www.tradingview.com/chart/?symbol=BINANCE%3AFIOBTC,https://www.binance.com/en/trade/FIO_USDT,https://www.binance.com/en/trade/FIO_BTC,
FIRO,FIROUSDT,4,0,binance,https://www.tradingview.com/chart/?symbol=BINANCE%3AFIROUSDT,https://www.tradingview.com/chart/?symbol=BINANCE%3AFIROBTC,https://www.binance.com/en/trade/FIRO_USDT,https://www.binance.com/en/trade/FIRO_BTC,
FIS,FISUSDT,4,0,binance,https://www.tradingview.com/chart/?symbol=BINANCE%3AFISUSDT,https://www.tradingview.com/chart/?symbol=BINANCE%3AFISBTC,https://www.binance.com/en/trade/FIS_USDT,https://www.binance.com/en/trade/FIS_BTC,
FLM,FLMUSDT,4,0,binance,https://www.tradingview.com/chart/?symbol=BINANCE%3AFLMUSDT,https://www.tradingview.com/chart/?symbol=BINANCE%3AFLMBTC,https://www.binance.com/en/trade/FLM_USDT,https://www.binance.com/en/trade/FLM_BTC,https://www.binance.com/en/futures/FLMUSDT
FLOKI,FLOKIUSDT,4,0,binance,https://www.tradingview.com/chart/?symbol=BINANCE%3AFLOKIUSDT,,https://www.binance.com/en/trade/FLOKI_USDT,,
FLOW,FLOWUSDT,4,0,binance,https://www.tradingview.com/chart/?symbol=BINANCE%3AFLOWUSDT,https://www.tradingview.com/chart/?symbol=BINANCE%3AFLOWBTC,https://www.binance.com/en/trade/FLOW_USDT,https://www.binance.com/en/trade/FLOW_BTC,https://www.binance.com/en/futures/FLOWUSDT
FLUX,FLUXUSDT,4,0,binance,https://www.tradingview.com/chart/?symbol=BINANCE%3AFLUXUSDT,https://www.tradingview.com/chart/?symbol=BINANCE%3AFLUXBTC,https://www.binance.com/en/trade/FLUX_USDT,https://www.binance.com/en/trade/FLUX_BTC,
FOOTBALL,FOOTBALLUSDT,4,0,binance,https://www.tradingview.com/chart/?symbol=BINANCE%3AFOOTBALLUSDT.P,,,,https://www.binance.com/en/futures/FOOTBALLUSDT
FOR,FORUSDT,4,0,binance,https://www.tradingview.com/chart/?symbol=BINANCE%3AFORUSDT,https://www.tradingview.com/chart/?symbol=BINANCE%3AFORBTC,https://www.binance.com/en/trade/FOR_USDT,https://www.binance.com/en/trade/FOR_BTC,
FORTH,FORTHUSDT,4,0,binance,https://www.tradingview.com/chart/?symbol=BINANCE%3AFORTHUSDT,https://www.tradingview.com/chart/?symbol=BINANCE%3AFORTHBTC,https://www.binance.com/en/trade/FORTH_USDT,https://www.binance.com/en/trade/FORTH_BTC,
FRONT,FRONTUSDT,4,0,binance,https://www.tradingview.com/chart/?symbol=BINANCE%3AFRONTUSDT,https://www.tradingview.com/chart/?symbol=BINANCE%3AFRONTBTC,https://www.binance.com/en/trade/FRONT_USDT,https://www.binance.com/en/trade/FRONT_BTC,
FTM,FTMUSDT,4,0,binance,https://www.tradingview.com/chart/?symbol=BINANCE%3AFTMUSDT,https://www.tradingview.com/chart/?symbol=BINANCE%3AFTMBTC,https://www.binance.com/en/trade/FTM_USDT,https://www.binance.com/en/trade/FTM_BTC,https://www.binance.com/en/futures/FTMUSDT
FUN,FUNUSDT,4,0,binance,https://www.tradingview.com/chart/?symbol=BINANCE%3AFUNUSDT,,https://www.binance.com/en/trade/FUN_USDT,,
FXS,FXSUSDT,4,0,binance,https://www.tradingview.com/chart/?symbol=BINANCE%3AFXSUSDT,https://www.tradingview.com/chart/?symbol=BINANCE%3AFXSBTC,https://www.binance.com/en/trade/FXS_USDT,https://www.binance.com/en/trade/FXS_BTC,https://www.binance.com/en/futures/FXSUSDT
GAL,GALUSDT,4,0,binance,https://www.tradingview.com/chart/?symbol=BINANCE%3AGALUSDT,https://www.tradingview.com/chart/?symbol=BINANCE%3AGALBTC,https://www.binance.com/en/trade/GAL_USDT,https://www.binance.com/en/trade/GAL_BTC,https://www.binance.com/en/futures/GALUSDT
GALA,GALAUSDT,4,0,binance,https://www.tradingview.com/chart/?symbol=BINANCE%3AGALAUSDT,https://www.tradingview.com/chart/?symbol=BINANCE%3AGALABTC,https://www.binance.com/en/trade/GALA_USDT,https://www.binance.com/en/trade/GALA_BTC,https://www.binance.com/en/futures/GALAUSDT
GAS,GASUSDT,4,0,binance,https://www.tradingview.com/chart/?symbol=BINANCE%3AGASUSDT,https://www.tradingview.com/chart/?symbol=BINANCE%3AGASBTC,https://www.binance.com/en/trade/GAS_USDT,https://www.binance.com/en/trade/GAS_BTC,
GBP,GBPUSDT,4,0,binance,https://www.tradingview.com/chart/?symbol=BINANCE%3AGBPUSDT,,https://www.binance.com/en/trade/GBP_USDT,,
GHST,GHSTUSDT,4,0,binance,https://www.tradingview.com/chart/?symbol=BINANCE%3AGHSTUSDT,,https://www.binance.com/en/trade/GHST_USDT,,
GLM,GLMUSDT,4,0,binance,https://www.tradingview.com/chart/?symbol=BINANCE%3AGLMUSDT,https://www.tradingview.com/chart/?symbol=BINANCE%3AGLMBTC,https://www.binance.com/en/trade/GLM_USDT,https://www.binance.com/en/trade/GLM_BTC,
GLMR,GLMRUSDT,4,0,binance,https://www.tradingview.com/chart/?symbol=BINANCE%3AGLMRUSDT,https://www.tradingview.com/chart/?symbol=BINANCE%3AGLMRBTC,https://www.binance.com/en/trade/GLMR_USDT,https://www.binance.com/en/trade/GLMR_BTC,
GMT,GMTUSDT,4,0,binance,https://www.tradingview.com/chart/?symbol=BINANCE%3AGMTUSDT,https://www.tradingview.com/chart/?symbol=BINANCE%3AGMTBTC,https://www.binance.com/en/trade/GMT_USDT,https://www.binance.com/en/trade/GMT_BTC,https://www.binance.com/en/futures/GMTUSDT
GMX,GMXUSDT,4,0,binance,https://www.tradingview.com/chart/?symbol=BINANCE%3AGMXUSDT,https://www.tradingview.com/chart/?symbol=BINANCE%3AGMXBTC,https://www.binance.com/en/trade/GMX_USDT,https://www.binance.com/en/trade/GMX_BTC,https://www.binance.com/en/futures/GMXUSDT
GNO,GNOUSDT,4,0,binance,https://www.tradingview.com/chart/?symbol=BINANCE%3AGNOUSDT,,https://www.binance.com/en/trade/GNO_USDT,,
GNS,GNSUSDT,4,0,binance,https://www.tradingview.com/chart/?symbol=BINANCE%3AGNSUSDT,https://www.tradingview.com/chart/?symbol=BINANCE%3AGNSBTC,https://www.binance.com/en/trade/GNS_USDT,https://www.binance.com/en/trade/GNS_BTC,
GRT,GRTUSDT,4,0,binance,https://www.tradingview.com/chart/?symbol=BINANCE%3AGRTUSDT,https://www.tradingview.com/chart/?symbol=BINANCE%3AGRTBTC,https://www.binance.com/en/trade/GRT_USDT,https://www.binance.com/en/trade/GRT_BTC,https://www.binance.com/en/futures/GRTUSDT
GTC,GTCUSDT,4,0,binance,https://www.tradingview.com/chart/?symbol=BINANCE%3AGTCUSDT,https://www.tradingview.com/chart/?symbol=BINANCE%3AGTCBTC,https://www.binance.com/en/trade/GTC_USDT,https://www.binance.com/en/trade/GTC_BTC,
HARD,HARDUSDT,4,0,binance,https://www.tradingview.com/chart/?symbol=BINANCE%3AHARDUSDT,https://www.tradingview.com/chart/?symbol=BINANCE%3AHARDBTC,https://www.binance.com/en/trade/HARD_USDT,https://www.binance.com/en/trade/HARD_BTC,
HBAR,HBARUSDT,4,0,binance,https://www.tradingview.com/chart/?symbol=BINANCE%3AHBARUSDT,https://www.tradingview.com/chart/?symbol=BINANCE%3AHBARBTC,https://www.binance.com/en/trade/HBAR_USDT,https://www.binance.com/en/trade/HBAR_BTC,
HFT,HFTUSDT,4,0,binance,https://www.tradingview.com/chart/?symbol=BINANCE%3AHFTUSDT,https://www.tradingview.com/chart/?symbol=BINANCE%3AHFTBTC,https://www.binance.com/en/trade/HFT_USDT,https://www.binance.com/en/trade/HFT_BTC,https://www.binance.com/en/futures/HFTUSDT
HIFI,HIFIUSDT,4,0,binance,https://www.tradingview.com/chart/?symbol=BINANCE%3AHIFIUSDT,,https://www.binance.com/en/trade/HIFI_USDT,,
HIGH,HIGHUSDT,4,0,binance,https://www.tradingview.com/chart/?symbol=BINANCE%3AHIGHUSDT,https://www.tradingview.com/chart/?symbol=BINANCE%3AHIGHBTC,https://www.binance.com/en/trade/HIGH_USDT,https://www.binance.com/en/trade/HIGH_BTC,https://www.binance.com/en/futures/HIGHUSDT
HIVE,HIVEUSDT,4,0,binance,https://www.tradingview.com/chart/?symbol=BINANCE%3AHIVEUSDT,https://www.tradingview.com/chart/?symbol=BINANCE%3AHIVEBTC,https://www.binance.com/en/trade/HIVE_USDT,https://www.binance.com/en/trade/HIVE_BTC,
HOOK,HOOKUSDT,4,0,binance,https://www.tradingview.com/chart/?symbol=BINANCE%3AHOOKUSDT,https://www.tradingview.com/chart/?symbol=BINANCE%3AHOOKBTC,https://www.binance.com/en/trade/HOOK_USDT,https://www.binance.com/en/trade/HOOK_BTC,https://www.binance.com/en/futures/HOOKUSDT
HOT,HOTUSDT,4,0,binance,https://www.tradingview.com/chart/?symbol=BINANCE%3AHOTUSDT,,https://www.binance.com/en/trade/HOT_USDT,,https://www.binance.com/en/futures/HOTUSDT
ICP,ICPUSDT,4,0,binance,https://www.tradingview.com/chart/?symbol=BINANCE%3AICPUSDT,https://www.tradingview.com/chart/?symbol=BINANCE%3AICPBTC,https://www.binance.com/en/trade/ICP_USDT,https://www.binance.com/en/trade/ICP_BTC,
ICX,ICXUSDT,4,0,binance,https://www.tradingview.com/chart/?symbol=BINANCE%3AICXUSDT,https://www.tradingview.com/chart/?symbol=BINANCE%3AICXBTC,https://www.binance.com/en/trade/ICX_USDT,https://www.binance.com/en/trade/ICX_BTC,
ID,IDUSDT,4,0,binance,https://www.tradingview.com/chart/?symbol=BINANCE%3AIDUSDT,https://www.tradingview.com/chart/?symbol=BINANCE%3AIDBTC,https://www.binance.com/en/trade/ID_USDT,https://www.binance.com/en/trade/ID_BTC,https://www.binance.com/en/futures/IDUSDT
IDEX,IDEXUSDT,4,0,binance,https://www.tradingview.com/chart/?symbol=BINANCE%3AIDEXUSDT,https://www.tradingview.com/chart/?symbol=BINANCE%3AIDEXBTC,https://www.binance.com/en/trade/IDEX_USDT,https://www.binance.com/en/trade/IDEX_BTC,https://www.binance.com/en/futures/IDEXUSDT
ILV,ILVUSDT,4,0,binance,https://www.tradingview.com/chart/?symbol=BINANCE%3AILVUSDT,https://www.tradingview.com/chart/?symbol=BINANCE%3AILVBTC,https://www.binance.com/en/trade/ILV_USDT,https://www.binance.com/en/trade/ILV_BTC,
IMX,IMXUSDT,4,0,binance,https://www.tradingview.com/chart/?symbol=BINANCE%3AIMXUSDT,https://www.tradingview.com/chart/?symbol=BINANCE%3AIMXBTC,https://www.binance.com/en/trade/IMX_USDT,https://www.binance.com/en/trade/IMX_BTC,https://www.binance.com/en/futures/IMXUSDT
INJ,INJUSDT,4,0,binance,https://www.tradingview.com/chart/?symbol=BINANCE%3AINJUSDT,https://www.tradingview.com/chart/?symbol=BINANCE%3AINJBTC,https://www.binance.com/en/trade/INJ_USDT,https://www.binance.com/en/trade/INJ_BTC,https://www.binance.com/en/futures/INJUSDT
IOST,IOSTUSDT,4,0,binance,https://www.tradingview.com/chart/?symbol=BINANCE%3AIOSTUSDT,https://www.tradingview.com/chart/?symbol=BINANCE%3AIOSTBTC,https://www.binance.com/en/trade/IOST_USDT,https://www.binance.com/en/trade/IOST_BTC,https://www.binance.com/en/futures/IOSTUSDT
IOTA,IOTAUSDT,4,0,binance,https://www.tradingview.com/chart/?symbol=BINANCE%3AIOTAUSDT,https://www.tradingview.com/chart/?symbol=BINANCE%3AIOTABTC,https://www.binance.com/en/trade/IOTA_USDT,https://www.binance.com/en/trade/IOTA_BTC,https://www.binance.com/en/futures/IOTAUSDT
IOTX,IOTXUSDT,4,0,binance,https://www.tradingview.com/chart/?symbol=BINANCE%3AIOTXUSDT,https://www.tradingview.com/chart/?symbol=BINANCE%3AIOTXBTC,https://www.binance.com/en/trade/IOTX_USDT,https://www.binance.com/en/trade/IOTX_BTC,https://www.binance.com/en/futures/IOTXUSDT
IRIS,IRISUSDT,4,0,binance,https://www.tradingview.com/chart/?symbol=BINANCE%3AIRISUSDT,https://www.tradingview.com/chart/?symbol=BINANCE%3AIRISBTC,https://www.binance.com/en/trade/IRIS_USDT,https://www.binance.com/en/trade/IRIS_BTC,
JASMY,JASMYUSDT,4,0,binance,https://www.tradingview.com/chart/?symbol=BINANCE%3AJASMYUSDT,,https://www.binance.com/en/trade/JASMY_USDT,,https://www.binance.com/en/futures/JASMYUSDT
JOE,JOEUSDT,4,0,binance,https://www.tradingview.com/chart/?symbol=BINANCE%3AJOEUSDT,https://www.tradingview.com/chart/?symbol=BINANCE%3AJOEBTC,https://www.binance.com/en/trade/JOE_USDT,https://www.binance.com/en/trade/JOE_BTC,https://www.binance.com/en/futures/JOEUSDT
JST,JSTUSDT,4,0,binance,https://www.tradingview.com/chart/?symbol=BINANCE%3AJSTUSDT,https://www.tradingview.com/chart/?symbol=BINANCE%3AJSTBTC,https://www.binance.com/en/trade/JST_USDT,https://www.binance.com/en/trade/JST_BTC,
JUV,JUVUSDT,4,0,binance,https://www.tradingview.com/chart/?symbol=BINANCE%3AJUVUSDT,,https://www.binance.com/en/trade/JUV_USDT,,
KAVA,KAVAUSDT,4,0,binance,https://www.tradingview.com/chart/?symbol=BINANCE%3AKAVAUSDT,https://www.tradingview.com/chart/?symbol=BINANCE%3AKAVABTC,https://www.binance.com/en/trade/KAVA_USDT,https://www.binance.com/en/trade/KAVA_BTC,https://www.binance.com/en/futures/KAVAUSDT
KDA,KDAUSDT,4,0,binance,https://www.tradingview.com/chart/?symbol=BINANCE%3AKDAUSDT,https://www.tradingview.com/chart/?symbol=BINANCE%3AKDABTC,https://www.binance.com/en/trade/KDA_USDT,https://www.binance.com/en/trade/KDA_BTC,
KEY,KEYUSDT,4,0,binance,https://www.tradingview.com/chart/?symbol=BINANCE%3AKEYUSDT,,https://www.binance.com/en/trade/KEY_USDT,,https://www.binance.com/en/futures/KEYUSDT
KLAY,KLAYUSDT,4,0,binance,https://www.tradingview.com/chart/?symbol=BINANCE%3AKLAYUSDT,https://www.tradingview.com/chart/?symbol=BINANCE%3AKLAYBTC,https://www.binance.com/en/trade/KLAY_USDT,https://www.binance.com/en/trade/KLAY_BTC,https://www.binance.com/en/futures/KLAYUSDT
KMD,KMDUSDT,4,0,binance,https://www.tradingview.com/chart/?symbol=BINANCE%3AKMDUSDT,https://www.tradingview.com/chart/?symbol=BINANCE%3AKMDBTC,https://www.binance.com/en/trade/KMD_USDT,https://www.binance.com/en/trade/KMD_BTC,
KNC,KNCUSDT,4,0,binance,https://www.tradingview.com/chart/?symbol=BINANCE%3AKNCUSDT,https://www.tradingview.com/chart/?symbol=BINANCE%3AKNCBTC,https://www.binance.com/en/trade/KNC_USDT,https://www.binance.com/en/trade/KNC_BTC,https://www.binance.com/en/futures/KNCUSDT
KP3R,KP3RUSDT,4,0,binance,https://www.tradingview.com/chart/?symbol=BINANCE%3AKP3RUSDT,,https://www.binance.com/en/trade/KP3R_USDT,,
KSM,KSMUSDT,4,0,binance,https://www.tradingview.com/chart/?symbol=BINANCE%3AKSMUSDT,https://www.tradingview.com/chart/?symbol=BINANCE%3AKSMBTC,https://www.binance.com/en/trade/KSM_USDT,https://www.binance.com/en/trade/KSM_BTC,https://www.binance.com/en/futures/KSMUSDT
LAZIO,LAZIOUSDT,4,0,binance,https://www.tradingview.com/chart/?symbol=BINANCE%3ALAZIOUSDT,https://www.tradingview.com/chart/?symbol=BINANCE%3ALAZIOBTC,https://www.binance.com/en/trade/LAZIO_USDT,https://www.binance.com/en/trade/LAZIO_BTC,
LDO,LDOUSDT,4,0,binance,https://www.tradingview.com/chart/?symbol=BINANCE%3ALDOUSDT,https://www.tradingview.com/chart/?symbol=BINANCE%3ALDOBTC,https://www.binance.com/en/trade/LDO_USDT,https://www.binance.com/en/trade/LDO_BTC,https://www.binance.com/en/futures/LDOUSDT
LEVER,LEVERUSDT,4,0,binance,https://www.tradingview.com/chart/?symbol=BINANCE%3ALEVERUSDT,,https://www.binance.com/en/trade/LEVER_USDT,,https://www.binance.com/en/futures/LEVERUSDT
LINA,LINAUSDT,4,0,binance,https://www.tradingview.com/chart/?symbol=BINANCE%3ALINAUSDT,https://www.tradingview.com/chart/?symbol=BINANCE%3ALINABTC,https://www.binance.com/en/trade/LINA_USDT,https://www.binance.com/en/trade/LINA_BTC,https://www.binance.com/en/futures/LINAUSDT
LINK,LINKUSDT,4,0,binance,https://www.tradingview.com/chart/?symbol=BINANCE%3ALINKUSDT,https://www.tradingview.com/chart/?symbol=BINANCE%3ALINKBTC,https://www.binance.com/en/trade/LINK_USDT,https://www.binance.com/en/trade/LINK_BTC,https://www.binance.com/en/futures/LINKUSDT
LIT,LITUSDT,4,0,binance,https://www.tradingview.com/chart/?symbol=BINANCE%3ALITUSDT,https://www.tradingview.com/chart/?symbol=BINANCE%3ALITBTC,https://www.binance.com/en/trade/LIT_USDT,https://www.binance.com/en/trade/LIT_BTC,https://www.binance.com/en/futures/LITUSDT
LOKA,LOKAUSDT,4,0,binance,https://www.tradingview.com/chart/?symbol=BINANCE%3ALOKAUSDT,https://www.tradingview.com/chart/?symbol=BINANCE%3ALOKABTC,https://www.binance.com/en/trade/LOKA_USDT,https://www.binance.com/en/trade/LOKA_BTC,
LOOM,LOOMUSDT,4,0,binance,https://www.tradingview.com/chart/?symbol=BINANCE%3ALOOMUSDT,https://www.tradingview.com/chart/?symbol=BINANCE%3ALOOMBTC,https://www.binance.com/en/trade/LOOM_USDT,https://www.binance.com/en/trade/LOOM_BTC,
LPT,LPTUSDT,4,0,binance,https://www.tradingview.com/chart/?symbol=BINANCE%3ALPTUSDT,https://www.tradingview.com/chart/?symbol=BINANCE%3ALPTBTC,https://www.binance.com/en/trade/LPT_USDT,https://www.binance.com/en/trade/LPT_BTC,
LQTY,LQTYUSDT,4,0,binance,https://www.tradingview.com/chart/?symbol=BINANCE%3ALQTYUSDT,https://www.tradingview.com/chart/?symbol=BINANCE%3ALQTYBTC,https://www.binance.com/en/trade/LQTY_USDT,https://www.binance.com/en/trade/LQTY_BTC,https://www.binance.com/en/futures/LQTYUSDT
LRC,LRCUSDT,4,0,binance,https://www.tradingview.com/chart/?symbol=BINANCE%3ALRCUSDT,https://www.tradingview.com/chart/?symbol=BINANCE%3ALRCBTC,https://www.binance.com/en/trade/LRC_USDT,https://www.binance.com/en/trade/LRC_BTC,https://www.binance.com/en/futures/LRCUSDT
LSK,LSKUSDT,4,0,binance,https://www.tradingview.com/chart/?symbol=BINANCE%3ALSKUSDT,https://www.tradingview.com/chart/?symbol=BINANCE%3ALSKBTC,https://www.binance.com/en/trade/LSK_USDT,https://www.binance.com/en/trade/LSK_BTC,
LTC,LTCUSDT,4,0,binance,https://www.tradingview.com/chart/?symbol=BINANCE%3ALTCUSDT,https://www.tradingview.com/chart/?symbol=BINANCE%3ALTCBTC,https://www.binance.com/en/trade/LTC_USDT,https://www.binance.com/en/trade/LTC_BTC,https://www.binance.com/en/futures/LTCUSDT
LTO,LTOUSDT,4,0,binance,https://www.tradingview.com/chart/?symbol=BINANCE%3ALTOUSDT,https://www.tradingview.com/chart/?symbol=BINANCE%3ALTOBTC,https://www.binance.com/en/trade/LTO_USDT,https://www.binance.com/en/trade/LTO_BTC,
LUNA,LUNAUSDT,4,0,binance,https://www.tradingview.com/chart/?symbol=BINANCE%3ALUNAUSDT,,https://www.binance.com/en/trade/LUNA_USDT,,
LUNA2,LUNA2USDT,4,0,binance,https://www.tradingview.com/chart/?symbol=BINANCE%3ALUNA2USDT.P,,,,https://www.binance.com/en/futures/LUNA2USDT
LUNC,LUNCUSDT,4,0,binance,https://www.tradingview.com/chart/?symbol=BINANCE%3ALUNCUSDT,,https://www.binance.com/en/trade/LUNC_USDT,,https://www.binance.com/en/futures/1000LUNCUSDT
MAGIC,MAGICUSDT,4,0,binance,https://www.tradingview.com/chart/?symbol=BINANCE%3AMAGICUSDT,https://www.tradingview.com/chart/?symbol=BINANCE%3AMAGICBTC,https://www.binance.com/en/trade/MAGIC_USDT,https://www.binance.com/en/trade/MAGIC_BTC,https://www.binance.com/en/futures/MAGICUSDT
MANA,MANAUSDT,4,0,binance,https://www.tradingview.com/chart/?symbol=BINANCE%3AMANAUSDT,https://www.tradingview.com/chart/?symbol=BINANCE%3AMANABTC,https://www.binance.com/en/trade/MANA_USDT,https://www.binance.com/en/trade/MANA_BTC,https://www.binance.com/en/futures/MANAUSDT
MASK,MASKUSDT,4,0,binance,https://www.tradingview.com/chart/?symbol=BINANCE%3AMASKUSDT,,https://www.binance.com/en/trade/MASK_USDT,,https://www.binance.com/en/futures/MASKUSDT
MATIC,MATICUSDT,4,0,binance,https://www.tradingview.com/chart/?symbol=BINANCE%3AMATICUSDT,https://www.tradingview.com/chart/?symbol=BINANCE%3AMATICBTC,https://www.binance.com/en/trade/MATIC_USDT,https://www.binance.com/en/trade/MATIC_BTC,https://www.binance.com/en/futures/MATICUSDT
MAV,MAVUSDT,4,0,binance,https://www.tradingview.com/chart/?symbol=BINANCE%3AMAVUSDT,https://www.tradingview.com/chart/?symbol=BINANCE%3AMAVBTC,https://www.binance.com/en/trade/MAV_USDT,https://www.binance.com/en/trade/MAV_BTC,https://www.binance.com/en/futures/MAVUSDT
MBL,MBLUSDT,4,0,binance,https://www.tradingview.com/chart/?symbol=BINANCE%3AMBLUSDT,,https://www.binance.com/en/trade/MBL_USDT,,
MBOX,MBOXUSDT,4,0,binance,https://www.tradingview.com/chart/?symbol=BINANCE%3AMBOXUSDT,https://www.tradingview.com/chart/?symbol=BINANCE%3AMBOXBTC,https://www.binance.com/en/trade/MBOX_USDT,https://www.binance.com/en/trade/MBOX_BTC,
MC,MCUSDT,4,0,binance,https://www.tradingview.com/chart/?symbol=BINANCE%3AMCUSDT,https://www.tradingview.com/chart/?symbol=BINANCE%3AMCBTC,https://www.binance.com/en/trade/MC_USDT,https://www.binance.com/en/trade/MC_BTC,
MDT,MDTUSDT,4,0,binance,https://www.tradingview.com/chart/?symbol=BINANCE%3AMDTUSDT,https://www.tradingview.com/chart/?symbol=BINANCE%3AMDTBTC,https://www.binance.com/en/trade/MDT_USDT,https://www.binance.com/en/trade/MDT_BTC,
MDX,MDXUSDT,4,0,binance,https://www.tradingview.com/chart/?symbol=BINANCE%3AMDXUSDT,https://www.tradingview.com/chart/?symbol=BINANCE%3AMDXBTC,https://www.binance.com/en/trade/MDX_USDT,https://www.binance.com/en/trade/MDX_BTC,
MINA,MINAUSDT,4,0,binance,https://www.tradingview.com/chart/?symbol=BINANCE%3AMINAUSDT,https://www.tradingview.com/chart/?symbol=BINANCE%3AMINABTC,https://www.binance.com/en/trade/MINA_USDT,https://www.binance.com/en/trade/MINA_BTC,https://www.binance.com/en/futures/MINAUSDT
MKR,MKRUSDT,4,0,binance,https://www.tradingview.com/chart/?symbol=BINANCE%3AMKRUSDT,https://www.tradingview.com/chart/?symbol=BINANCE%3AMKRBTC,https://www.binance.com/en/trade/MKR_USDT,https://www.binance.com/en/trade/MKR_BTC,https://www.binance.com/en/futures/MKRUSDT
MLN,MLNUSDT,4,0,binance,https://www.tradingview.com/chart/?symbol=BINANCE%3AMLNUSDT,https://www.tradingview.com/chart/?symbol=BINANCE%3AMLNBTC,https://www.binance.com/en/trade/MLN_USDT,https://www.binance.com/en/trade/MLN_BTC,
MOB,MOBUSDT,4,0,binance,https://www.tradingview.com/chart/?symbol=BINANCE%3AMOBUSDT,https://www.tradingview.com/chart/?symbol=BINANCE%3AMOBBTC,https://www.binance.com/en/trade/MOB_USDT,https://www.binance.com/en/trade/MOB_BTC,
MOVR,MOVRUSDT,4,0,binance,https://www.tradingview.com/chart/?symbol=BINANCE%3AMOVRUSDT,https://www.tradingview.com/chart/?symbol=BINANCE%3AMOVRBTC,https://www.binance.com/en/trade/MOVR_USDT,https://www.binance.com/en/trade/MOVR_BTC,
MTL,MTLUSDT,4,0,binance,https://www.tradingview.com/chart/?symbol=BINANCE%3AMTLUSDT,https://www.tradingview.com/chart/?symbol=BINANCE%3AMTLBTC,https://www.binance.com/en/trade/MTL_USDT,https://www.binance.com/en/trade/MTL_BTC,https://www.binance.com/en/futures/MTLUSDT
MULTI,MULTIUSDT,4,0,binance,https://www.tradingview.com/chart/?symbol=BINANCE%3AMULTIUSDT,https://www.tradingview.com/chart/?symbol=BINANCE%3AMULTIBTC,https://www.binance.com/en/trade/MULTI_USDT,https://www.binance.com/en/trade/MULTI_BTC,
NEAR,NEARUSDT,4,0,binance,https://www.tradingview.com/chart/?symbol=BINANCE%3ANEARUSDT,https://www.tradingview.com/chart/?symbol=BINANCE%3ANEARBTC,https://www.binance.com/en/trade/NEAR_USDT,https://www.binance.com/en/trade/NEAR_BTC,https://www.binance.com/en/futures/NEARUSDT
NEO,NEOUSDT,4,0,binance,https://www.tradingview.com/chart/?symbol=BINANCE%3ANEOUSDT,https://www.tradingview.com/chart/?symbol=BINANCE%3ANEOBTC,https://www.binance.com/en/trade/NEO_USDT,https://www.binance.com/en/trade/NEO_BTC,
NEXO,NEXOUSDT,4,0,binance,https://www.tradingview.com/chart/?symbol=BINANCE%3ANEXOUSDT,https://www.tradingview.com/chart/?symbol=BINANCE%3ANEXOBTC,https://www.binance.com/en/trade/NEXO_USDT,https://www.binance.com/en/trade/NEXO_BTC,
NKN,NKNUSDT,4,0,binance,https://www.tradingview.com/chart/?symbol=BINANCE%3ANKNUSDT,https://www.tradingview.com/chart/?symbol=BINANCE%3ANKNBTC,https://www.binance.com/en/trade/NKN_USDT,https://www.binance.com/en/trade/NKN_BTC,
NMR,NMRUSDT,4,0,binance,https://www.tradingview.com/chart/?symbol=BINANCE%3ANMRUSDT,https://www.tradingview.com/chart/?symbol=BINANCE%3ANMRBTC,https://www.binance.com/en/trade/NMR_USDT,https://www.binance.com/en/trade/NMR_BTC,https://www.binance.com/en/futures/NMRUSDT
NULS,NULSUSDT,4,0,binance,https://www.tradingview.com/chart/?symbol=BINANCE%3ANULSUSDT,https://www.tradingview.com/chart/?symbol=BINANCE%3ANULSBTC,https://www.binance.com/en/trade/NULS_USDT,https://www.binance.com/en/trade/NULS_BTC,
OAX,OAXUSDT,4,0,binance,https://www.tradingview.com/chart/?symbol=BINANCE%3AOAXUSDT,https://www.tradingview.com/chart/?symbol=BINANCE%3AOAXBTC,https://www.binance.com/en/trade/OAX_USDT,https://www.binance.com/en/trade/OAX_BTC,
OCEAN,OCEANUSDT,4,0,binance,https://www.tradingview.com/chart/?symbol=BINANCE%3AOCEANUSDT,https://www.tradingview.com/chart/?symbol=BINANCE%3AOCEANBTC,https://www.binance.com/en/trade/OCEAN_USDT,https://www.binance.com/en/trade/OCEAN_BTC,https://www.binance.com/en/futures/OCEANUSDT
OG,OGUSDT,4,0,binance,https://www.tradingview.com/chart/?symbol=BINANCE%3AOGUSDT,https://www.tradingview.com/chart/?symbol=BINANCE%3AOGBTC,https://www.binance.com/en/trade/OG_USDT,https://www.binance.com/en/trade/OG_BTC,
OGN,OGNUSDT,4,0,binance,https://www.tradingview.com/chart/?symbol=BINANCE%3AOGNUSDT,https://www.tradingview.com/chart/?symbol=BINANCE%3AOGNBTC,https://www.binance.com/en/trade/OGN_USDT,https://www.binance.com/en/trade/OGN_BTC,https://www.binance.com/en/futures/OGNUSDT
OM,OMUSDT,4,0,binance,https://www.tradingview.com/chart/?symbol=BINANCE%3AOMUSDT,https://www.tradingview.com/chart/?symbol=BINANCE%3AOMBTC,https://www.binance.com/en/trade/OM_USDT,https://www.binance.com/en/trade/OM_BTC,
OMG,OMGUSDT,4,0,binance,https://www.tradingview.com/chart/?symbol=BINANCE%3AOMGUSDT,,https://www.binance.com/en/trade/OMG_USDT,,https://www.binance.com/en/futures/OMGUSDT
ONE,ONEUSDT,4,0,binance,https://www.tradingview.com/chart/?symbol=BINANCE%3AONEUSDT,https://www.tradingview.com/chart/?symbol=BINANCE%3AONEBTC,https://www.binance.com/en/trade/ONE_USDT,https://www.binance.com/en/trade/ONE_BTC,https://www.binance.com/en/futures/ONEUSDT
ONG,ONGUSDT,4,0,binance,https://www.tradingview.com/chart/?symbol=BINANCE%3AONGUSDT,https://www.tradingview.com/chart/?symbol=BINANCE%3AONGBTC,https://www.binance.com/en/trade/ONG_USDT,https://www.binance.com/en/trade/ONG_BTC,
ONT,ONTUSDT,4,0,binance,https://www.tradingview.com/chart/?symbol=BINANCE%3AONTUSDT,https://www.tradingview.com/chart/?symbol=BINANCE%3AONTBTC,https://www.binance.com/en/trade/ONT_USDT,https://www.binance.com/en/trade/ONT_BTC,https://www.binance.com/en/futures/ONTUSDT
OOKI,OOKIUSDT,4,0,binance,https://www.tradingview.com/chart/?symbol=BINANCE%3AOOKIUSDT,,https://www.binance.com/en/trade/OOKI_USDT,,
OP,OPUSDT,4,0,binance,https://www.tradingview.com/chart/?symbol=BINANCE%3AOPUSDT,https://www.tradingview.com/chart/?symbol=BINANCE%3AOPBTC,https://www.binance.com/en/trade/OP_USDT,https://www.binance.com/en/trade/OP_BTC,https://www.binance.com/en/futures/OPUSDT
ORN,ORNUSDT,4,0,binance,https://www.tradingview.com/chart/?symbol=BINANCE%3AORNUSDT,https://www.tradingview.com/chart/?symbol=BINANCE%3AORNBTC,https://www.binance.com/en/trade/ORN_USDT,https://www.binance.com/en/trade/ORN_BTC,
OSMO,OSMOUSDT,4,0,binance,https://www.tradingview.com/chart/?symbol=BINANCE%3AOSMOUSDT,https://www.tradingview.com/chart/?symbol=BINANCE%3AOSMOBTC,https://www.binance.com/en/trade/OSMO_USDT,https://www.binance.com/en/trade/OSMO_BTC,
OXT,OXTUSDT,4,0,binance,https://www.tradingview.com/chart/?symbol=BINANCE%3AOXTUSDT,https://www.tradingview.com/chart/?symbol=BINANCE%3AOXTBTC,https://www.binance.com/en/trade/OXT_USDT,https://www.binance.com/en/trade/OXT_BTC,
PAXG,PAXGUSDT,4,0,binance,https://www.tradingview.com/chart/?symbol=BINANCE%3APAXGUSDT,https://www.tradingview.com/chart/?symbol=BINANCE%3APAXGBTC,https://www.binance.com/en/trade/PAXG_USDT,https://www.binance.com/en/trade/PAXG_BTC,
PEOPLE,PEOPLEUSDT,4,0,binance,https://www.tradingview.com/chart/?symbol=BINANCE%3APEOPLEUSDT,https://www.tradingview.com/chart/?symbol=BINANCE%3APEOPLEBTC,https://www.binance.com/en/trade/PEOPLE_USDT,https://www.binance.com/en/trade/PEOPLE_BTC,https://www.binance.com/en/futures/PEOPLEUSDT
PEPE,PEPEUSDT,4,0,binance,https://www.tradingview.com/chart/?symbol=BINANCE%3APEPEUSDT,,https://www.binance.com/en/trade/PEPE_USDT,,https://www.binance.com/en/futures/1000PEPEUSDT
PERL,PERLUSDT,4,0,binance,https://www.tradingview.com/chart/?symbol=BINANCE%3APERLUSDT,,https://www.binance.com/en/trade/PERL_USDT,,
PERP,PERPUSDT,4,0,binance,https://www.tradingview.com/chart/?symbol=BINANCE%3APERPUSDT,https://www.tradingview.com/chart/?symbol=BINANCE%3APERPBTC,https://www.binance.com/en/trade/PERP_USDT,https://www.binance.com/en/trade/PERP_BTC,https://www.binance.com/en/futures/PERPUSDT
PHA,PHAUSDT,4,0,binance,https://www.tradingview.com/chart/?symbol=BINANCE%3APHAUSDT,https://www.tradingview.com/chart/?symbol=BINANCE%3APHABTC,https://www.binance.com/en/trade/PHA_USDT,https://www.binance.com/en/trade/PHA_BTC,
PHB,PHBUSDT,4,0,binance,https://www.tradingview.com/chart/?symbol=BINANCE%3APHBUSDT,https://www.tradingview.com/chart/?symbol=BINANCE%3APHBBTC,https://www.binance.com/en/trade/PHB_USDT,https://www.binance.com/en/trade/PHB_BTC,https://www.binance.com/en/futures/PHBUSDT
PIVX,PIVXBTC,4,0,binance,,https://www.tradingview.com/chart/?symbol=BINANCE%3APIVXBTC,,https://www.binance.com/en/trade/PIVX_BTC,
PLA,PLAUSDT,4,0,binance,https://www.tradingview.com/chart/?symbol=BINANCE%3APLAUSDT,https://www.tradingview.com/chart/?symbol=BINANCE%3APLABTC,https://www.binance.com/en/trade/PLA_USDT,https://www.binance.com/en/trade/PLA_BTC,
PNT,PNTUSDT,4,0,binance,https://www.tradingview.com/chart/?symbol=BINANCE%3APNTUSDT,,https://www.binance.com/en/trade/PNT_USDT,,
POLS,POLSUSDT,4,0,binance,https://www.tradingview.com/chart/?symbol=BINANCE%3APOLSUSDT,https://www.tradingview.com/chart/?symbol=BINANCE%3APOLSBTC,https://www.binance.com/en/trade/POLS_USDT,https://www.binance.com/en/trade/POLS_BTC,
POLYX,POLYXUSDT,4,0,binance,https://www.tradingview.com/chart/?symbol=BINANCE%3APOLYXUSDT,https://www.tradingview.com/chart/?symbol=BINANCE%3APOLYXBTC,https://www.binance.com/en/trade/POLYX_USDT,https://www.binance.com/en/trade/POLYX_BTC,
POND,PONDUSDT,4,0,binance,https://www.tradingview.com/chart/?symbol=BINANCE%3APONDUSDT,https://www.tradingview.com/chart/?symbol=BINANCE%3APONDBTC,https://www.binance.com/en/trade/POND_USDT,https://www.binance.com/en/trade/POND_BTC,
PORTO,PORTOUSDT,4,0,binance,https://www.tradingview.com/chart/?symbol=BINANCE%3APORTOUSDT,https://www.tradingview.com/chart/?symbol=BINANCE%3APORTOBTC,https://www.binance.com/en/trade/PORTO_USDT,https://www.binance.com/en/trade/PORTO_BTC,
POWR,POWRUSDT,4,0,binance,https://www.tradingview.com/chart/?symbol=BINANCE%3APOWRUSDT,https://www.tradingview.com/chart/?symbol=BINANCE%3APOWRBTC,https://www.binance.com/en/trade/POWR_USDT,https://www.binance.com/en/trade/POWR_BTC,
PROM,PROMUSDT,4,0,binance,https://www.tradingview.com/chart/?symbol=BINANCE%3APROMUSDT,https://www.tradingview.com/chart/?symbol=BINANCE%3APROMBTC,https://www.binance.com/en/trade/PROM_USDT,https://www.binance.com/en/trade/PROM_BTC,
PROS,PROSUSDT,4,0,binance,https://www.tradingview.com/chart/?symbol=BINANCE%3APROSUSDT,,https://www.binance.com/en/trade/PROS_USDT,,
PSG,PSGUSDT,4,0,binance,https://www.tradingview.com/chart/?symbol=BINANCE%3APSGUSDT,https://www.tradingview.com/chart/?symbol=BINANCE%3APSGBTC,https://www.binance.com/en/trade/PSG_USDT,https://www.binance.com/en/trade/PSG_BTC,
PUNDIX,PUNDIXUSDT,4,0,binance,https://www.tradingview.com/chart/?symbol=BINANCE%3APUNDIXUSDT,,https://www.binance.com/en/trade/PUNDIX_USDT,,
PYR,PYRUSDT,4,0,binance,https://www.tradingview.com/chart/?symbol=BINANCE%3APYRUSDT,https://www.tradingview.com/chart/?symbol=BINANCE%3APYRBTC,https://www.binance.com/en/trade/PYR_USDT,https://www.binance.com/en/trade/PYR_BTC,
QI,QIUSDT,4,0,binance,https://www.tradingview.com/chart/?symbol=BINANCE%3AQIUSDT,https://www.tradingview.com/chart/?symbol=BINANCE%3AQIBTC,https://www.binance.com/en/trade/QI_USDT,https://www.binance.com/en/trade/QI_BTC,
QKC,QKCUSDT,4,0,binance,https://www.tradingview.com/chart/?symbol=BINANCE%3AQKCUSDT,https://www.tradingview.com/chart/?symbol=BINANCE%3AQKCBTC,https://www.binance.com/en/trade/QKC_USDT,https://www.binance.com/en/trade/QKC_BTC,
QNT,QNTUSDT,4,0,binance,https://www.tradingview.com/chart/?symbol=BINANCE%3AQNTUSDT,https://www.tradingview.com/chart/?symbol=BINANCE%3AQNTBTC,https://www.binance.com/en/trade/QNT_USDT,https://www.binance.com/en/trade/QNT_BTC,https://www.binance.com/en/futures/QNTUSDT
QTUM,QTUMUSDT,4,0,binance,https://www.tradingview.com/chart/?symbol=BINANCE%3AQTUMUSDT,https://www.tradingview.com/chart/?symbol=BINANCE%3AQTUMBTC,https://www.binance.com/en/trade/QTUM_USDT,https://www.binance.com/en/trade/QTUM_BTC,https://www.binance.com/en/futures/QTUMUSDT
QUICK,QUICKUSDT,4,0,binance,https://www.tradingview.com/chart/?symbol=BINANCE%3AQUICKUSDT,https://www.tradingview.com/chart/?symbol=BINANCE%3AQUICKBTC,https://www.binance.com/en/trade/QUICK_USDT,https://www.binance.com/en/trade/QUICK_BTC,
RAD,RADUSDT,4,0,binance,https://www.tradingview.com/chart/?symbol=BINANCE%3ARADUSDT,https://www.tradingview.com/chart/?symbol=BINANCE%3ARADBTC,https://www.binance.com/en/trade/RAD_USDT,https://www.binance.com/en/trade/RAD_BTC,https://www.binance.com/en/futures/RADUSDT
RARE,RAREUSDT,4,0,binance,https://www.tradingview.com/chart/?symbol=BINANCE%3ARAREUSDT,https://www.tradingview.com/chart/?symbol=BINANCE%3ARAREBTC,https://www.binance.com/en/trade/RARE_USDT,https://www.binance.com/en/trade/RARE_BTC,
RAY,RAYUSDT,4,0,binance,https://www.tradingview.com/chart/?symbol=BINANCE%3ARAYUSDT,,https://www.binance.com/en/trade/RAY_USDT,,
RDNT,RDNTUSDT,4,0,binance,https://www.tradingview.com/chart/?symbol=BINANCE%3ARDNTUSDT,https://www.tradingview.com/chart/?symbol=BINANCE%3ARDNTBTC,https://www.binance.com/en/trade/RDNT_USDT,https://www.binance.com/en/trade/RDNT_BTC,https://www.binance.com/en/futures/RDNTUSDT
REEF,REEFUSDT,4,0,binance,https://www.tradingview.com/chart/?symbol=BINANCE%3AREEFUSDT,,https://www.binance.com/en/trade/REEF_USDT,,https://www.binance.com/en/futures/REEFUSDT
REI,REIUSDT,4,0,binance,https://www.tradingview.com/chart/?symbol=BINANCE%3AREIUSDT,,https://www.binance.com/en/trade/REI_USDT,,
REN,RENUSDT,4,0,binance,https://www.tradingview.com/chart/?symbol=BINANCE%3ARENUSDT,https://www.tradingview.com/chart/?symbol=BINANCE%3ARENBTC,https://www.binance.com/en/trade/REN_USDT,https://www.binance.com/en/trade/REN_BTC,https://www.binance.com/en/futures/RENUSDT
REQ,REQUSDT,4,0,binance,https://www.tradingview.com/chart/?symbol=BINANCE%3AREQUSDT,https://www.tradingview.com/chart/?symbol=BINANCE%3AREQBTC,https://www.binance.com/en/trade/REQ_USDT,https://www.binance.com/en/trade/REQ_BTC,
RIF,RIFUSDT,4,0,binance,https://www.tradingview.com/chart/?symbol=BINANCE%3ARIFUSDT,https://www.tradingview.com/chart/?symbol=BINANCE%3ARIFBTC,https://www.binance.com/en/trade/RIF_USDT,https://www.binance.com/en/trade/RIF_BTC,
RLC,RLCUSDT,4,0,binance,https://www.tradingview.com/chart/?symbol=BINANCE%3ARLCUSDT,https://www.tradingview.com/chart/?symbol=BINANCE%3ARLCBTC,https://www.binance.com/en/trade/RLC_USDT,https://www.binance.com/en/trade/RLC_BTC,https://www.binance.com/en/futures/RLCUSDT
RNDR,RNDRUSDT,4,0,binance,https://www.tradingview.com/chart/?symbol=BINANCE%3ARNDRUSDT,https://www.tradingview.com/chart/?symbol=BINANCE%3ARNDRBTC,https://www.binance.com/en/trade/RNDR_USDT,https://www.binance.com/en/trade/RNDR_BTC,https://www.binance.com/en/futures/RNDRUSDT
ROSE,ROSEUSDT,4,0,binance,https://www.tradingview.com/chart/?symbol=BINANCE%3AROSEUSDT,https://www.tradingview.com/chart/?symbol=BINANCE%3AROSEBTC,https://www.binance.com/en/trade/ROSE_USDT,https://www.binance.com/en/trade/ROSE_BTC,https://www.binance.com/en/futures/ROSEUSDT
RPL,RPLUSDT,4,0,binance,https://www.tradingview.com/chart/?symbol=BINANCE%3ARPLUSDT,https://www.tradingview.com/chart/?symbol=BINANCE%3ARPLBTC,https://www.binance.com/en/trade/RPL_USDT,https://www.binance.com/en/trade/RPL_BTC,
RSR,RSRUSDT,4,0,binance,https://www.tradingview.com/chart/?symbol=BINANCE%3ARSRUSDT,,https://www.binance.com/en/trade/RSR_USDT,,
RUNE,RUNEUSDT,4,0,binance,https://www.tradingview.com/chart/?symbol=BINANCE%3ARUNEUSDT,https://www.tradingview.com/chart/?symbol=BINANCE%3ARUNEBTC,https://www.binance.com/en/trade/RUNE_USDT,https://www.binance.com/en/trade/RUNE_BTC,https://www.binance.com/en/futures/RUNEUSDT
RVN,RVNUSDT,4,0,binance,https://www.tradingview.com/chart/?symbol=BINANCE%3ARVNUSDT,https://www.tradingview.com/chart/?symbol=BINANCE%3ARVNBTC,https://www.binance.com/en/trade/RVN_USDT,https://www.binance.com/en/trade/RVN_BTC,
SAND,SANDUSDT,4,0,binance,https://www.tradingview.com/chart/?symbol=BINANCE%3ASANDUSDT,https://www.tradingview.com/chart/?symbol=BINANCE%3ASANDBTC,https://www.binance.com/en/trade/SAND_USDT,https://www.binance.com/en/trade/SAND_BTC,https://www.binance.com/en/futures/SANDUSDT
SANTOS,SANTOSUSDT,4,0,binance,https://www.tradingview.com/chart/?symbol=BINANCE%3ASANTOSUSDT,https://www.tradingview.com/chart/?symbol=BINANCE%3ASANTOSBTC,https://www.binance.com/en/trade/SANTOS_USDT,https://www.binance.com/en/trade/SANTOS_BTC,
SC,SCUSDT,4,0,binance,https://www.tradingview.com/chart/?symbol=BINANCE%3ASCUSDT,,https://www.binance.com/en/trade/SC_USDT,,
SCRT,SCRTUSDT,4,0,binance,https://www.tradingview.com/chart/?symbol=BINANCE%3ASCRTUSDT,https://www.tradingview.com/chart/?symbol=BINANCE%3ASCRTBTC,https://www.binance.com/en/trade/SCRT_USDT,https://www.binance.com/en/trade/SCRT_BTC,
SFP,SFPUSDT,4,0,binance,https://www.tradingview.com/chart/?symbol=BINANCE%3ASFPUSDT,https://www.tradingview.com/chart/?symbol=BINANCE%3ASFPBTC,https://www.binance.com/en/trade/SFP_USDT,https://www.binance.com/en/trade/SFP_BTC,
SHIB,SHIBUSDT,4,0,binance,https://www.tradingview.com/chart/?symbol=BINANCE%3ASHIBUSDT,,https://www.binance.com/en/trade/SHIB_USDT,,https://www.binance.com/en/futures/1000SHIBUSDT
SKL,SKLUSDT,4,0,binance,https://www.tradingview.com/chart/?symbol=BINANCE%3ASKLUSDT,https://www.tradingview.com/chart/?symbol=BINANCE%3ASKLBTC,https://www.binance.com/en/trade/SKL_USDT,https://www.binance.com/en/trade/SKL_BTC,https://www.binance.com/en/futures/SKLUSDT
SLP,SLPUSDT,4,0,binance,https://www.tradingview.com/chart/?symbol=BINANCE%3ASLPUSDT,,https://www.binance.com/en/trade/SLP_USDT,,
SNM,SNMBTC,4,0,binance,,https://www.tradingview.com/chart/?symbol=BINANCE%3ASNMBTC,,https://www.binance.com/en/trade/SNM_BTC,
SNT,SNTUSDT,4,0,binance,https://www.tradingview.com/chart/?symbol=BINANCE%3ASNTUSDT,https://www.tradingview.com/chart/?symbol=BINANCE%3ASNTBTC,https://www.binance.com/en/trade/SNT_USDT,https://www.binance.com/en/trade/SNT_BTC,
SNX,SNXUSDT,4,0,binance,https://www.tradingview.com/chart/?symbol=BINANCE%3ASNXUSDT,https://www.tradingview.com/chart/?symbol=BINANCE%3ASNXBTC,https://www.binance.com/en/trade/SNX_USDT,https://www.binance.com/en/trade/SNX_BTC,https://www.binance.com/en/futures/SNXUSDT
SOL,SOLUSDT,4,0,binance,https://www.tradingview.com/chart/?symbol=BINANCE%3ASOLUSDT,https://www.tradingview.com/chart/?symbol=BINANCE%3ASOLBTC,https://www.binance.com/en/trade/SOL_USDT,https://www.binance.com/en/trade/SOL_BTC,https://www.binance.com/en/futures/SOLUSDT
SPELL,SPELLUSDT,4,0,binance,https://www.tradingview.com/chart/?symbol=BINANCE%3ASPELLUSDT,,https://www.binance.com/en/trade/SPELL_USDT,,https://www.binance.com/en/futures/SPELLUSDT
SSV,SSVUSDT,4,0,binance,https://www.tradingview.com/chart/?symbol=BINANCE%3ASSVUSDT,https://www.tradingview.com/chart/?symbol=BINANCE%3ASSVBTC,https://www.binance.com/en/trade/SSV_USDT,https://www.binance.com/en/trade/SSV_BTC,https://www.binance.com/en/futures/SSVUSDT
STEEM,STEEMUSDT,4,0,binance,https://www.tradingview.com/chart/?symbol=BINANCE%3ASTEEMUSDT,https://www.tradingview.com/chart/?symbol=BINANCE%3ASTEEMBTC,https://www.binance.com/en/trade/STEEM_USDT,https://www.binance.com/en/trade/STEEM_BTC,
STG,STGUSDT,4,0,binance,https://www.tradingview.com/chart/?symbol=BINANCE%3ASTGUSDT,https://www.tradingview.com/chart/?symbol=BINANCE%3ASTGBTC,https://www.binance.com/en/trade/STG_USDT,https://www.binance.com/en/trade/STG_BTC,https://www.binance.com/en/futures/STGUSDT
STMX,STMXUSDT,4,0,binance,https://www.tradingview.com/chart/?symbol=BINANCE%3ASTMXUSDT,,https://www.binance.com/en/trade/STMX_USDT,,https://www.binance.com/en/futures/STMXUSDT
STORJ,STORJUSDT,4,0,binance,https://www.tradingview.com/chart/?symbol=BINANCE%3ASTORJUSDT,https://www.tradingview.com/chart/?symbol=BINANCE%3ASTORJBTC,https://www.binance.com/en/trade/STORJ_USDT,https://www.binance.com/en/trade/STORJ_BTC,https://www.binance.com/en/futures/STORJUSDT
STPT,STPTUSDT,4,0,binance,https://www.tradingview.com/chart/?symbol=BINANCE%3ASTPTUSDT,https://www.tradingview.com/chart/?symbol=BINANCE%3ASTPTBTC,https://www.binance.com/en/trade/STPT_USDT,https://www.binance.com/en/trade/STPT_BTC,
STRAX,STRAXUSDT,4,0,binance,https://www.tradingview.com/chart/?symbol=BINANCE%3ASTRAXUSDT,https://www.tradingview.com/chart/?symbol=BINANCE%3ASTRAXBTC,https://www.binance.com/en/trade/STRAX_USDT,https://www.binance.com/en/trade/STRAX_BTC,
STX,STXUSDT,4,0,binance,https://www.tradingview.com/chart/?symbol=BINANCE%3ASTXUSDT,https://www.tradingview.com/chart/?symbol=BINANCE%3ASTXBTC,https://www.binance.com/en/trade/STX_USDT,https://www.binance.com/en/trade/STX_BTC,https://www.binance.com/en/futures/STXUSDT
SUI,SUIUSDT,4,0,binance,https://www.tradingview.com/chart/?symbol=BINANCE%3ASUIUSDT,https://www.tradingview.com/chart/?symbol=BINANCE%3ASUIBTC,https://www.binance.com/en/trade/SUI_USDT,https://www.binance.com/en/trade/SUI_BTC,https://www.binance.com/en/futures/SUIUSDT
SUN,SUNUSDT,4,0,binance,https://www.tradingview.com/chart/?symbol=BINANCE%3ASUNUSDT,,https://www.binance.com/en/trade/SUN_USDT,,
SUPER,SUPERUSDT,4,0,binance,https://www.tradingview.com/chart/?symbol=BINANCE%3ASUPERUSDT,https://www.tradingview.com/chart/?symbol=BINANCE%3ASUPERBTC,https://www.binance.com/en/trade/SUPER_USDT,https://www.binance.com/en/trade/SUPER_BTC,
SUSHI,SUSHIUSDT,4,0,binance,https://www.tradingview.com/chart/?symbol=BINANCE%3ASUSHIUSDT,https://www.tradingview.com/chart/?symbol=BINANCE%3ASUSHIBTC,https://www.binance.com/en/trade/SUSHI_USDT,https://www.binance.com/en/trade/SUSHI_BTC,https://www.binance.com/en/futures/SUSHIUSDT
SXP,SXPUSDT,4,0,binance,https://www.tradingview.com/chart/?symbol=BINANCE%3ASXPUSDT,https://www.tradingview.com/chart/?symbol=BINANCE%3ASXPBTC,https://www.binance.com/en/trade/SXP_USDT,https://www.binance.com/en/trade/SXP_BTC,https://www.binance.com/en/futures/SXPUSDT
SYN,SYNUSDT,4,0,binance,https://www.tradingview.com/chart/?symbol=BINANCE%3ASYNUSDT,https://www.tradingview.com/chart/?symbol=BINANCE%3ASYNBTC,https://www.binance.com/en/trade/SYN_USDT,https://www.binance.com/en/trade/SYN_BTC,
SYS,SYSUSDT,4,0,binance,https://www.tradingview.com/chart/?symbol=BINANCE%3ASYSUSDT,https://www.tradingview.com/chart/?symbol=BINANCE%3ASYSBTC,https://www.binance.com/en/trade/SYS_USDT,https://www.binance.com/en/trade/SYS_BTC,
T,TUSDT,4,0,binance,https://www.tradingview.com/chart/?symbol=BINANCE%3ATUSDT,,https://www.binance.com/en/trade/T_USDT,,https://www.binance.com/en/futures/TUSDT
TFUEL,TFUELUSDT,4,0,binance,https://www.tradingview.com/chart/?symbol=BINANCE%3ATFUELUSDT,https://www.tradingview.com/chart/?symbol=BINANCE%3ATFUELBTC,https://www.binance.com/en/trade/TFUEL_USDT,https://www.binance.com/en/trade/TFUEL_BTC,
THETA,THETAUSDT,4,0,binance,https://www.tradingview.com/chart/?symbol=BINANCE%3ATHETAUSDT,https://www.tradingview.com/chart/?symbol=BINANCE%3ATHETABTC,https://www.binance.com/en/trade/THETA_USDT,https://www.binance.com/en/trade/THETA_BTC,https://www.binance.com/en/futures/THETAUSDT
TKO,TKOUSDT,4,0,binance,https://www.tradingview.com/chart/?symbol=BINANCE%3ATKOUSDT,https://www.tradingview.com/chart/?symbol=BINANCE%3ATKOBTC,https://www.binance.com/en/trade/TKO_USDT,https://www.binance.com/en/trade/TKO_BTC,
TLM,TLMUSDT,4,0,binance,https://www.tradingview.com/chart/?symbol=BINANCE%3ATLMUSDT,https://www.tradingview.com/chart/?symbol=BINANCE%3ATLMBTC,https://www.binance.com/en/trade/TLM_USDT,https://www.binance.com/en/trade/TLM_BTC,
TOMO,TOMOUSDT,4,0,binance,https://www.tradingview.com/chart/?symbol=BINANCE%3ATOMOUSDT,https://www.tradingview.com/chart/?symbol=BINANCE%3ATOMOBTC,https://www.binance.com/en/trade/TOMO_USDT,https://www.binance.com/en/trade/TOMO_BTC,https://www.binance.com/en/futures/TOMOUSDT
TRB,TRBUSDT,4,0,binance,https://www.tradingview.com/chart/?symbol=BINANCE%3ATRBUSDT,https://www.tradingview.com/chart/?symbol=BINANCE%3ATRBBTC,https://www.binance.com/en/trade/TRB_USDT,https://www.binance.com/en/trade/TRB_BTC,
TROY,TROYUSDT,4,0,binance,https://www.tradingview.com/chart/?symbol=BINANCE%3ATROYUSDT,,https://www.binance.com/en/trade/TROY_USDT,,
TRU,TRUUSDT,4,0,binance,https://www.tradingview.com/chart/?symbol=BINANCE%3ATRUUSDT,https://www.tradingview.com/chart/?symbol=BINANCE%3ATRUBTC,https://www.binance.com/en/trade/TRU_USDT,https://www.binance.com/en/trade/TRU_BTC,https://www.binance.com/en/futures/TRUUSDT
TRX,TRXUSDT,4,0,binance,https://www.tradingview.com/chart/?symbol=BINANCE%3ATRXUSDT,https://www.tradingview.com/chart/?symbol=BINANCE%3ATRXBTC,https://www.binance.com/en/trade/TRX_USDT,https://www.binance.com/en/trade/TRX_BTC,https://www.binance.com/en/futures/TRXUSDT
TUSD,TUSDUSDT,4,0,binance,https://www.tradingview.com/chart/?symbol=BINANCE%3ATUSDUSDT,,https://www.binance.com/en/trade/TUSD_USDT,,
TVK,TVKUSDT,4,0,binance,https://www.tradingview.com/chart/?symbol=BINANCE%3ATVKUSDT,https://www.tradingview.com/chart/?symbol=BINANCE%3ATVKBTC,https://www.binance.com/en/trade/TVK_USDT,https://www.binance.com/en/trade/TVK_BTC,
TWT,TWTUSDT,4,0,binance,https://www.tradingview.com/chart/?symbol=BINANCE%3ATWTUSDT,https://www.tradingview.com/chart/?symbol=BINANCE%3ATWTBTC,https://www.binance.com/en/trade/TWT_USDT,https://www.binance.com/en/trade/TWT_BTC,
UFT,UFTUSDT,4,0,binance,https://www.tradingview.com/chart/?symbol=BINANCE%3AUFTUSDT,,https://www.binance.com/en/trade/UFT_USDT,,
UMA,UMAUSDT,4,0,binance,https://www.tradingview.com/chart/?symbol=BINANCE%3AUMAUSDT,https://www.tradingview.com/chart/?symbol=BINANCE%3AUMABTC,https://www.binance.com/en/trade/UMA_USDT,https://www.binance.com/en/trade/UMA_BTC,https://www.binance.com/en/futures/UMAUSDT
UNFI,UNFIUSDT,4,0,binance,https://www.tradingview.com/chart/?symbol=BINANCE%3AUNFIUSDT,https://www.tradingview.com/chart/?symbol=BINANCE%3AUNFIBTC,https://www.binance.com/en/trade/UNFI_USDT,https://www.binance.com/en/trade/UNFI_BTC,https://www.binance.com/en/futures/UNFIUSDT
UNI,UNIUSDT,4,0,binance,https://www.tradingview.com/chart/?symbol=BINANCE%3AUNIUSDT,https://www.tradingview.com/chart/?symbol=BINANCE%3AUNIBTC,https://www.binance.com/en/trade/UNI_USDT,https://www.binance.com/en/trade/UNI_BTC,https://www.binance.com/en/futures/UNIUSDT
USDC,USDCUSDT,4,0,binance,https://www.tradingview.com/chart/?symbol=BINANCE%3AUSDCUSDT,,https://www.binance.com/en/trade/USDC_USDT,,https://www.binance.com/en/futures/USDCUSDT
USDP,USDPUSDT,4,0,binance,https://www.tradingview.com/chart/?symbol=BINANCE%3AUSDPUSDT,,https://www.binance.com/en/trade/USDP_USDT,,
USTC,USTCUSDT,4,0,binance,https://www.tradingview.com/chart/?symbol=BINANCE%3AUSTCUSDT,,https://www.binance.com/en/trade/USTC_USDT,,
UTK,UTKUSDT,4,0,binance,https://www.tradingview.com/chart/?symbol=BINANCE%3AUTKUSDT,https://www.tradingview.com/chart/?symbol=BINANCE%3AUTKBTC,https://www.binance.com/en/trade/UTK_USDT,https://www.binance.com/en/trade/UTK_BTC,
VET,VETUSDT,4,0,binance,https://www.tradingview.com/chart/?symbol=BINANCE%3AVETUSDT,https://www.tradingview.com/chart/?symbol=BINANCE%3AVETBTC,https://www.binance.com/en/trade/VET_USDT,https://www.binance.com/en/trade/VET_BTC,https://www.binance.com/en/futures/VETUSDT
VGX,VGXUSDT,4,0,binance,https://www.tradingview.com/chart/?symbol=BINANCE%3AVGXUSDT,,https://www.binance.com/en/trade/VGX_USDT,,
VIB,VIBUSDT,4,0,binance,https://www.tradingview.com/chart/?symbol=BINANCE%3AVIBUSDT,https://www.tradingview.com/chart/?symbol=BINANCE%3AVIBBTC,https://www.binance.com/en/trade/VIB_USDT,https://www.binance.com/en/trade/VIB_BTC,
VIDT,VIDTUSDT,4,0,binance,https://www.tradingview.com/chart/?symbol=BINANCE%3AVIDTUSDT,https://www.tradingview.com/chart/?symbol=BINANCE%3AVIDTBTC,https://www.binance.com/en/trade/VIDT_USDT,https://www.binance.com/en/trade/VIDT_BTC,
VITE,VITEUSDT,4,0,binance,https://www.tradingview.com/chart/?symbol=BINANCE%3AVITEUSDT,https://www.tradingview.com/chart/?symbol=BINANCE%3AVITEBTC,https://www.binance.com/en/trade/VITE_USDT,https://www.binance.com/en/trade/VITE_BTC,
VOXEL,VOXELUSDT,4,0,binance,https://www.tradingview.com/chart/?symbol=BINANCE%3AVOXELUSDT,https://www.tradingview.com/chart/?symbol=BINANCE%3AVOXELBTC,https://www.binance.com/en/trade/VOXEL_USDT,https://www.binance.com/en/trade/VOXEL_BTC,
VTHO,VTHOUSDT,4,0,binance,https://www.tradingview.com/chart/?symbol=BINANCE%3AVTHOUSDT,,https://www.binance.com/en/trade/VTHO_USDT,,
WAN,WANUSDT,4,0,binance,https://www.tradingview.com/chart/?symbol=BINANCE%3AWANUSDT,https://www.tradingview.com/chart/?symbol=BINANCE%3AWANBTC,https://www.binance.com/en/trade/WAN_USDT,https://www.binance.com/en/trade/WAN_BTC,
WAVES,WAVESUSDT,4,0,binance,https://www.tradingview.com/chart/?symbol=BINANCE%3AWAVESUSDT,https://www.tradingview.com/chart/?symbol=BINANCE%3AWAVESBTC,https://www.binance.com/en/trade/WAVES_USDT,https://www.binance.com/en/trade/WAVES_BTC,https://www.binance.com/en/futures/WAVESUSDT
WAXP,WAXPUSDT,4,0,binance,https://www.tradingview.com/chart/?symbol=BINANCE%3AWAXPUSDT,https://www.tradingview.com/chart/?symbol=BINANCE%3AWAXPBTC,https://www.binance.com/en/trade/WAXP_USDT,https://www.binance.com/en/trade/WAXP_BTC,
WBTC,WBTCUSDT,4,0,binance,https://www.tradingview.com/chart/?symbol=BINANCE%3AWBTCUSDT,https://www.tradingview.com/chart/?symbol=BINANCE%3AWBTCBTC,https://www.binance.com/en/trade/WBTC_USDT,https://www.binance.com/en/trade/WBTC_BTC,
WIN,WINUSDT,4,0,binance,https://www.tradingview.com/chart/?symbol=BINANCE%3AWINUSDT,,https://www.binance.com/en/trade/WIN_USDT,,
WING,WINGUSDT,4,0,binance,https://www.tradingview.com/chart/?symbol=BINANCE%3AWINGUSDT,https://www.tradingview.com/chart/?symbol=BINANCE%3AWINGBTC,https://www.binance.com/en/trade/WING_USDT,https://www.binance.com/en/trade/WING_BTC,
WNXM,WNXMUSDT,4,0,binance,https://www.tradingview.com/chart/?symbol=BINANCE%3AWNXMUSDT,,https://www.binance.com/en/trade/WNXM_USDT,,
WOO,WOOUSDT,4,0,binance,https://www.tradingview.com/chart/?symbol=BINANCE%3AWOOUSDT,https://www.tradingview.com/chart/?symbol=BINANCE%3AWOOBTC,https://www.binance.com/en/trade/WOO_USDT,https://www.binance.com/en/trade/WOO_BTC,https://www.binance.com/en/futures/WOOUSDT
WRX,WRXUSDT,4,0,binance,https://www.tradingview.com/chart/?symbol=BINANCE%3AWRXUSDT,,https://www.binance.com/en/trade/WRX_USDT,,
WTC,WTCUSDT,4,0,binance,https://www.tradingview.com/chart/?symbol=BINANCE%3AWTCUSDT,https://www.tradingview.com/chart/?symbol=BINANCE%3AWTCBTC,https://www.binance.com/en/trade/WTC_USDT,https://www.binance.com/en/trade/WTC_BTC,
XEC,XECUSDT,4,0,binance,https://www.tradingview.com/chart/?symbol=BINANCE%3AXECUSDT,,https://www.binance.com/en/trade/XEC_USDT,,https://www.binance.com/en/futures/1000XECUSDT
XEM,XEMUSDT,4,0,binance,https://www.tradingview.com/chart/?symbol=BINANCE%3AXEMUSDT,,https://www.binance.com/en/trade/XEM_USDT,,
XLM,XLMUSDT,4,0,binance,https://www.tradingview.com/chart/?symbol=BINANCE%3AXLMUSDT,https://www.tradingview.com/chart/?symbol=BINANCE%3AXLMBTC,https://www.binance.com/en/trade/XLM_USDT,https://www.binance.com/en/trade/XLM_BTC,https://www.binance.com/en/futures/XLMUSDT
XMR,XMRUSDT,4,0,binance,https://www.tradingview.com/chart/?symbol=BINANCE%3AXMRUSDT,https://www.tradingview.com/chart/?symbol=BINANCE%3AXMRBTC,https://www.binance.com/en/trade/XMR_USDT,https://www.binance.com/en/trade/XMR_BTC,https://www.binance.com/en/futures/XMRUSDT
XNO,XNOUSDT,4,0,binance,https://www.tradingview.com/chart/?symbol=BINANCE%3AXNOUSDT,https://www.tradingview.com/chart/?symbol=BINANCE%3AXNOBTC,https://www.binance.com/en/trade/XNO_USDT,https://www.binance.com/en/trade/XNO_BTC,
XRP,XRPUSDT,4,0,binance,https://www.tradingview.com/chart/?symbol=BINANCE%3AXRPUSDT,https://www.tradingview.com/chart/?symbol=BINANCE%3AXRPBTC,https://www.binance.com/en/trade/XRP_USDT,https://www.binance.com/en/trade/XRP_BTC,https://www.binance.com/en/futures/XRPUSDT
XTZ,XTZUSDT,4,0,binance,https://www.tradingview.com/chart/?symbol=BINANCE%3AXTZUSDT,https://www.tradingview.com/chart/?symbol=BINANCE%3AXTZBTC,https://www.binance.com/en/trade/XTZ_USDT,https://www.binance.com/en/trade/XTZ_BTC,https://www.binance.com/en/futures/XTZUSDT
XVG,XVGUSDT,4,0,binance,https://www.tradingview.com/chart/?symbol=BINANCE%3AXVGUSDT,,https://www.binance.com/en/trade/XVG_USDT,,
XVS,XVSUSDT,4,0,binance,https://www.tradingview.com/chart/?symbol=BINANCE%3AXVSUSDT,https://www.tradingview.com/chart/?symbol=BINANCE%3AXVSBTC,https://www.binance.com/en/trade/XVS_USDT,https://www.binance.com/en/trade/XVS_BTC,https://www.binance.com/en/futures/XVSUSDT
YFI,YFIUSDT,4,0,binance,https://www.tradingview.com/chart/?symbol=BINANCE%3AYFIUSDT,https://www.tradingview.com/chart/?symbol=BINANCE%3AYFIBTC,https://www.binance.com/en/trade/YFI_USDT,https://www.binance.com/en/trade/YFI_BTC,https://www.binance.com/en/futures/YFIUSDT
YFII,YFIIUSDT,4,0,binance,https://www.tradingview.com/chart/?symbol=BINANCE%3AYFIIUSDT,,https://www.binance.com/en/trade/YFII_USDT,,
YGG,YGGUSDT,4,0,binance,https://www.tradingview.com/chart/?symbol=BINANCE%3AYGGUSDT,https://www.tradingview.com/chart/?symbol=BINANCE%3AYGGBTC,https://www.binance.com/en/trade/YGG_USDT,https://www.binance.com/en/trade/YGG_BTC,
ZEC,ZECUSDT,4,0,binance,https://www.tradingview.com/chart/?symbol=BINANCE%3AZECUSDT,https://www.tradingview.com/chart/?symbol=BINANCE%3AZECBTC,https://www.binance.com/en/trade/ZEC_USDT,https://www.binance.com/en/trade/ZEC_BTC,https://www.binance.com/en/futures/ZECUSDT
ZEN,ZENUSDT,4,0,binance,https://www.tradingview.com/chart/?symbol=BINANCE%3AZENUSDT,https://www.tradingview.com/chart/?symbol=BINANCE%3AZENBTC,https://www.binance.com/en/trade/ZEN_USDT,https://www.binance.com/en/trade/ZEN_BTC,https://www.binance.com/en/futures/ZENUSDT
ZIL,ZILUSDT,4,0,binance,https://www.tradingview.com/chart/?symbol=BINANCE%3AZILUSDT,https://www.tradingview.com/chart/?symbol=BINANCE%3AZILBTC,https://www.binance.com/en/trade/ZIL_USDT,https://www.binance.com/en/trade/ZIL_BTC,https://www.binance.com/en/futures/ZILUSDT
ZRX,ZRXUSDT,4,0,binance,https://www.tradingview.com/chart/?symbol=BINANCE%3AZRXUSDT,https://www.tradingview.com/chart/?symbol=BINANCE%3AZRXBTC,https://www.binance.com/en/trade/ZRX_USDT,https://www.binance.com/en/trade/ZRX_BTC,https://www.binance.com/en/futures/ZRXUSDT
